geography code,Region,LA,In employment,Work at home,"Underground, tram",Train,Bus,Taxi,Motorcycle,Driving a car,Passenger in a car,Bicycle,On foot,Other,Not in employment,Year
E06000047,North East,County Durham,203614,16952,190,1062,15327,1230,1256,121690,21599,1888,21178,1242,n/a,2001
E06000005,North East,Darlington,42993,3553,35,482,4363,419,274,24105,3477,949,5085,251,n/a,2001
E08000020,North East,Gateshead,78786,5482,3672,529,13723,442,480,39442,6853,816,6972,375,n/a,2001
E06000001,North East,Hartlepool,33762,2199,44,179,2831,620,245,18817,3627,937,3935,328,n/a,2001
E06000002,North East,Middlesbrough,49317,3185,46,316,5543,434,403,27088,4852,1251,5791,408,n/a,2001
E08000021,North East,Newcastle upon Tyne,101498,7066,5591,950,19156,889,487,46561,7233,1781,11235,549,n/a,2001
E08000022,North East,North Tyneside,83698,6053,6979,1032,8489,835,623,43032,7037,1692,7092,834,n/a,2001
E06000048,North East,Northumberland,136083,14687,715,1132,8331,501,891,79137,11819,2176,15519,1175,n/a,2001
E06000003,North East,Redcar and Cleveland,54295,3898,48,656,4325,267,488,32677,4951,1052,5404,529,n/a,2001
E08000023,North East,South Tyneside,58899,3743,3983,1059,7442,323,434,29258,4862,1143,5543,1109,n/a,2001
E06000004,North East,Stockton-on-Tees,75904,5449,61,460,5911,346,690,47679,6767,1576,6302,663,n/a,2001
E08000024,North East,Sunderland,114119,7041,902,1262,17783,807,696,60728,11312,1525,11215,848,n/a,2001
E07000026,North West,Allerdale,41814,5117,16,172,1608,139,250,24272,3811,672,5519,238,n/a,2001
E07000027,North West,Barrow-in-Furness,28849,1958,12,413,2092,277,722,14317,2531,1707,4646,174,n/a,2001
E06000008,North West,Blackburn with Darwen,53575,4355,32,504,3875,918,480,30589,4946,622,7062,192,n/a,2001
E06000009,North West,Blackpool,59073,6081,239,409,5743,743,639,29571,5050,1885,8287,426,n/a,2001
E08000001,North West,Bolton,114415,9065,207,2740,9121,878,1184,68431,9436,1413,11587,353,n/a,2001
E07000117,North West,Burnley,38098,2806,18,188,3221,258,306,21533,4056,430,5165,117,n/a,2001
E08000002,North West,Bury,83847,6734,3632,416,6064,688,704,51628,5789,1047,6847,298,n/a,2001
E07000028,North West,Carlisle,46858,4645,18,179,4008,203,318,25440,3507,1262,7061,217,n/a,2001
E06000049,North West,Cheshire East,169143,18422,184,3187,3365,590,1668,110153,9792,5767,15270,745,n/a,2001
E06000050,North West,Cheshire West and Chester,149443,13767,183,1838,6388,839,1595,96271,10284,4465,12993,820,n/a,2001
E07000118,North West,Chorley,49200,4583,27,864,1645,198,489,32233,3595,865,4521,180,n/a,2001
E07000029,North West,Copeland,29222,2562,14,404,1889,133,243,17277,3120,455,2975,150,n/a,2001
E07000030,North West,Eden,24752,4805,17,100,557,81,122,13536,1438,330,3574,192,n/a,2001
E07000119,North West,Fylde,32215,3156,27,359,1238,146,294,19968,2095,1106,3587,239,n/a,2001
E06000006,North West,Halton,50363,3100,28,631,3584,326,539,31438,4563,1023,4923,208,n/a,2001
E07000120,North West,Hyndburn,34773,2625,5,192,2333,218,345,21125,3159,437,4233,101,n/a,2001
E08000011,North West,Knowsley,54351,2966,108,2204,7200,1055,417,29320,4886,904,5037,254,n/a,2001
E07000121,North West,Lancaster,55906,5428,33,739,3114,392,696,30834,4117,2150,8017,386,n/a,2001
E08000012,North West,Liverpool,154817,8700,618,4636,32835,1939,923,73707,11629,2686,16393,751,n/a,2001
E08000003,North West,Manchester,142449,9318,1792,1924,31599,1676,805,64769,9181,4610,16163,612,n/a,2001
E08000004,North West,Oldham,92775,7215,161,1325,10436,910,611,52682,7980,1006,10115,334,n/a,2001
E07000122,North West,Pendle,37042,3011,9,164,2377,268,238,21705,3268,591,5253,158,n/a,2001
E07000123,North West,Preston,56203,4138,37,403,6307,287,508,31375,4189,1463,7258,238,n/a,2001
E07000124,North West,Ribble Valley,26407,3425,8,176,573,52,231,17022,1492,522,2785,121,n/a,2001
E08000005,North West,Rochdale,86867,6728,214,1208,7771,1418,712,50757,7349,1043,9323,344,n/a,2001
E07000125,North West,Rossendale,29877,2651,39,94,2074,109,265,19124,2353,211,2857,100,n/a,2001
E08000006,North West,Salford,89920,6630,1025,966,10563,1338,815,48867,7207,2042,10134,333,n/a,2001
E08000014,North West,Sefton,116315,8734,350,6765,9282,1775,944,65043,8347,3365,11096,614,n/a,2001
E07000031,North West,South Lakeland,48413,7309,34,442,951,175,486,26381,2995,1505,7783,352,n/a,2001
E07000126,North West,South Ribble,51327,4168,10,509,2962,183,685,33149,3774,2008,3712,167,n/a,2001
E08000013,North West,St. Helens,73076,4805,39,1597,5749,459,710,45838,6145,1152,6331,251,n/a,2001
E08000007,North West,Stockport,136059,11967,151,4751,11576,507,1006,84432,7712,2540,10953,464,n/a,2001
E08000008,North West,Tameside,96254,7444,111,2156,11825,635,935,54155,7131,1507,10080,275,n/a,2001
E08000009,North West,Trafford,99146,8609,4954,888,6976,549,667,59903,5545,2988,7624,443,n/a,2001
E06000007,North West,Warrington,91286,7541,157,1128,4775,414,1028,60413,5972,2936,6599,323,n/a,2001
E07000127,North West,West Lancashire,48842,4715,45,1086,1380,678,426,30802,3887,1020,4537,266,n/a,2001
E08000010,North West,Wigan,135615,9710,44,2044,9029,758,1423,84708,12045,2386,13073,395,n/a,2001
E08000015,North West,Wirral,126397,8979,1135,6126,10267,938,1799,73632,9713,2298,10497,1013,n/a,2001
E07000128,North West,Wyre,45036,4502,222,429,1915,250,503,27980,3470,1542,3850,373,n/a,2001
E08000016,Yorkshire and The Humber,Barnsley,88762,6577,58,1042,7002,399,1002,53529,7982,734,10186,251,n/a,2001
E08000032,Yorkshire and The Humber,Bradford,191250,15673,197,6083,22169,1489,1324,105952,15456,1481,20686,740,n/a,2001
E08000033,Yorkshire and The Humber,Calderdale,88038,7703,52,1811,9906,354,772,50420,6483,709,9487,341,n/a,2001
E07000163,Yorkshire and The Humber,Craven,25721,3790,19,708,614,122,155,14421,1543,349,3829,171,n/a,2001
E08000017,Yorkshire and The Humber,Doncaster,118362,9220,82,1781,11655,455,985,69189,9626,3420,11497,452,n/a,2001
E06000011,Yorkshire and The Humber,East Riding of Yorkshire,144858,14920,84,1759,4901,596,1626,89007,9509,7420,13967,1069,n/a,2001
E07000164,Yorkshire and The Humber,Hambleton,41890,6297,24,347,798,116,277,24763,2267,1525,5206,270,n/a,2001
E07000165,Yorkshire and The Humber,Harrogate,75755,9553,47,1153,2995,301,498,44307,4363,1747,10367,424,n/a,2001
E06000010,Yorkshire and The Humber,"Kingston upon Hull, City of",95957,5196,38,583,12294,1187,1476,45626,7817,11181,9960,599,n/a,2001
E08000034,Yorkshire and The Humber,Kirklees,174023,14681,113,3163,17927,793,1713,102638,13095,1765,17570,565,n/a,2001
E08000035,Yorkshire and The Humber,Leeds,322831,23974,274,4980,55527,2313,2303,171283,23217,4189,33844,927,n/a,2001
E06000012,Yorkshire and The Humber,North East Lincolnshire,65832,4319,26,353,4989,583,953,37063,5474,5038,6569,465,n/a,2001
E06000013,Yorkshire and The Humber,North Lincolnshire,68083,5659,26,280,2005,218,1092,43190,5171,3793,6289,360,n/a,2001
E07000166,Yorkshire and The Humber,Richmondshire,24124,3620,13,168,636,93,162,12543,1421,573,4405,490,n/a,2001
E08000018,Yorkshire and The Humber,Rotherham,106489,7391,501,724,12747,331,944,64948,8821,1007,8751,324,n/a,2001
E07000167,Yorkshire and The Humber,Ryedale,24184,4329,9,218,537,44,215,13168,1353,1028,3121,162,n/a,2001
E07000168,Yorkshire and The Humber,Scarborough,44976,5469,31,371,2273,304,470,22177,3454,1111,8946,370,n/a,2001
E07000169,Yorkshire and The Humber,Selby,37885,4082,21,741,1565,65,435,24000,2253,1440,3135,148,n/a,2001
E08000019,Yorkshire and The Humber,Sheffield,218493,15313,6104,1613,38801,716,1535,114397,14100,2365,22774,775,n/a,2001
E08000036,Yorkshire and The Humber,Wakefield,138021,9544,63,2609,13185,705,1397,81685,11585,2001,14853,394,n/a,2001
E06000014,Yorkshire and The Humber,York,87305,6871,57,1343,6313,440,1531,42065,4799,10508,13049,329,n/a,2001
E07000032,East Midlands,Amber Valley,54657,4759,16,406,2567,181,757,35215,3998,833,5746,179,n/a,2001
E07000170,East Midlands,Ashfield,48949,3499,14,628,3576,214,573,29655,3957,1381,5301,151,n/a,2001
E07000171,East Midlands,Bassetlaw,46145,4278,18,412,1389,112,497,29067,3615,1609,4929,219,n/a,2001
E07000129,East Midlands,Blaby,47136,4300,27,331,3314,84,538,31170,2933,1363,2931,145,n/a,2001
E07000033,East Midlands,Bolsover,29451,2310,39,212,1687,73,337,19003,2391,387,2920,92,n/a,2001
E07000136,East Midlands,Boston,25066,2391,15,69,449,73,375,14709,2015,2523,2311,136,n/a,2001
E07000172,East Midlands,Broxtowe,51262,4028,25,462,5382,117,698,30601,3058,2210,4546,135,n/a,2001
E07000130,East Midlands,Charnwood,73367,6618,52,948,4399,125,877,44950,4626,2999,7514,259,n/a,2001
E07000034,East Midlands,Chesterfield,42930,3180,34,316,3853,300,461,25516,3656,657,4834,123,n/a,2001
E07000150,East Midlands,Corby,24749,1466,8,138,2220,587,179,14219,2868,880,2105,79,n/a,2001
E07000151,East Midlands,Daventry,36859,4342,20,435,650,97,321,24642,2307,559,3323,163,n/a,2001
E06000015,East Midlands,Derby,95451,6513,37,773,8916,715,1321,54329,6901,4233,11413,300,n/a,2001
E07000035,East Midlands,Derbyshire Dales,33445,4682,35,322,965,74,199,20507,2068,339,4039,215,n/a,2001
E07000137,East Midlands,East Lindsey,53433,6922,22,157,1315,239,544,30712,3300,2519,7271,432,n/a,2001
E07000152,East Midlands,East Northamptonshire,38395,3789,23,482,738,110,323,25815,2608,729,3657,121,n/a,2001
E07000036,East Midlands,Erewash,52480,3951,13,660,3721,177,827,31937,3567,2330,5140,157,n/a,2001
E07000173,East Midlands,Gedling,54355,4474,27,284,8268,169,542,31762,3483,1032,4161,153,n/a,2001
E07000131,East Midlands,Harborough,39815,4868,19,510,853,98,306,26183,1939,1097,3747,195,n/a,2001
E07000037,East Midlands,High Peak,43698,4472,38,1931,1386,217,358,26090,2736,549,5728,193,n/a,2001
E07000132,East Midlands,Hinckley and Bosworth,51317,4982,14,278,1819,144,553,33879,3256,1538,4699,155,n/a,2001
E07000153,East Midlands,Kettering,41282,3448,25,545,1479,120,362,26804,3024,876,4475,124,n/a,2001
E06000016,East Midlands,Leicester,111580,8397,96,905,16990,447,769,52968,8467,4462,17660,419,n/a,2001
E07000138,East Midlands,Lincoln,37299,2401,26,193,2742,295,549,19192,3039,2648,6061,153,n/a,2001
E07000174,East Midlands,Mansfield,40607,2881,9,392,2846,244,416,25025,3727,702,4214,151,n/a,2001
E07000133,East Midlands,Melton,24097,2713,13,220,682,48,219,15181,1445,741,2739,96,n/a,2001
E07000175,East Midlands,Newark and Sherwood,47352,4995,26,523,1937,142,522,28972,3197,2430,4425,183,n/a,2001
E07000038,East Midlands,North East Derbyshire,44438,4080,210,228,3398,80,436,28859,3385,349,3240,173,n/a,2001
E07000139,East Midlands,North Kesteven,44070,4580,44,428,1844,84,602,27329,2568,2436,3940,215,n/a,2001
E07000134,East Midlands,North West Leicestershire,41919,4000,20,115,1281,119,576,28580,2685,884,3477,182,n/a,2001
E07000154,East Midlands,Northampton,96395,7182,67,1222,6888,511,705,58956,7898,2750,9909,307,n/a,2001
E06000018,East Midlands,Nottingham,101697,6785,65,693,21758,712,846,45407,6310,3731,14980,410,n/a,2001
E07000135,East Midlands,Oadby and Wigston,26651,2128,15,173,2624,69,250,16186,1864,849,2430,63,n/a,2001
E07000176,East Midlands,Rushcliffe,52086,5324,24,458,5146,84,417,32943,2650,1495,3398,147,n/a,2001
E06000017,East Midlands,Rutland,16566,2166,19,229,174,29,154,9787,805,811,2279,113,n/a,2001
E07000039,East Midlands,South Derbyshire,39998,3699,11,208,1361,134,541,27554,2693,755,2918,124,n/a,2001
E07000140,East Midlands,South Holland,35009,4065,13,247,590,50,415,22507,2507,2000,2427,188,n/a,2001
E07000141,East Midlands,South Kesteven,61060,6256,35,942,1836,332,662,37658,4058,2489,6554,238,n/a,2001
E07000155,East Midlands,South Northamptonshire,42098,4983,31,679,784,76,319,28978,2526,651,2919,152,n/a,2001
E07000156,East Midlands,Wellingborough,35050,3056,22,517,1228,349,278,22385,2855,644,3591,125,n/a,2001
E07000142,East Midlands,West Lindsey,35514,4345,20,178,803,95,394,22699,2275,1174,3296,235,n/a,2001
E08000025,West Midlands,Birmingham,367141,27448,818,9289,73658,2062,2522,190231,22628,5133,32265,1087,n/a,2001
E07000234,West Midlands,Bromsgrove,43351,4515,25,1109,1362,107,367,29686,2546,524,2993,117,n/a,2001
E07000192,West Midlands,Cannock Chase,44000,3361,24,519,1982,200,479,29009,3949,637,3727,113,n/a,2001
E08000026,West Midlands,Coventry,125724,8181,77,1687,15014,662,969,71236,10521,3573,13391,413,n/a,2001
E08000027,West Midlands,Dudley,139935,10422,155,2390,11639,359,1434,88747,10446,1872,12101,370,n/a,2001
E07000193,West Midlands,East Staffordshire,48417,4629,19,394,1785,267,469,29923,3439,1990,5311,191,n/a,2001
E06000019,West Midlands,"Herefordshire, County of",81289,12379,61,426,2372,271,841,46944,4665,3415,9479,436,n/a,2001
E07000194,West Midlands,Lichfield,46163,5088,22,1226,1277,136,376,30785,2856,725,3543,129,n/a,2001
E07000235,West Midlands,Malvern Hills,33414,4834,24,559,522,67,345,21270,1995,804,2837,157,n/a,2001
E07000195,West Midlands,Newcastle-under-Lyme,54987,4527,17,217,3281,442,535,35027,4912,782,5095,152,n/a,2001
E07000218,West Midlands,North Warwickshire,30533,2944,12,272,1082,177,335,20553,2445,383,2244,86,n/a,2001
E07000219,West Midlands,Nuneaton and Bedworth,56613,3929,18,357,2943,194,644,36462,5079,1559,5266,162,n/a,2001
E07000236,West Midlands,Redditch,40258,3100,16,474,3064,119,379,25865,3149,729,3258,105,n/a,2001
E07000220,West Midlands,Rugby,43284,3873,24,638,1394,241,524,27422,2957,1724,4332,155,n/a,2001
E08000028,West Midlands,Sandwell,113562,7771,1160,1734,16653,534,920,61762,9105,1972,11658,293,n/a,2001
E06000051,West Midlands,Shropshire,135436,18082,74,1082,3563,428,1155,79875,8568,4701,17114,794,n/a,2001
E08000029,West Midlands,Solihull,93400,8549,78,3382,9338,287,667,58736,5344,1446,5312,261,n/a,2001
E07000196,West Midlands,South Staffordshire,52427,5274,81,661,2553,60,458,36105,3290,714,3070,161,n/a,2001
E07000197,West Midlands,Stafford,58761,6036,22,737,2295,202,593,36966,3890,1850,5962,208,n/a,2001
E07000198,West Midlands,Staffordshire Moorlands,45596,5138,12,139,1553,56,402,29948,3333,619,4201,195,n/a,2001
E06000021,West Midlands,Stoke-on-Trent,98817,6535,22,378,9749,819,953,56764,10178,1543,11563,313,n/a,2001
E07000221,West Midlands,Stratford-on-Avon,56543,7482,36,678,1009,125,430,36729,3063,1443,5325,223,n/a,2001
E07000199,West Midlands,Tamworth,37012,2765,14,529,2140,311,396,23458,3246,1042,3028,83,n/a,2001
E06000020,West Midlands,Telford and Wrekin,74380,5769,32,699,3188,622,764,47907,7116,1864,6147,272,n/a,2001
E08000030,West Midlands,Walsall,105590,7940,241,814,12547,309,899,61715,8100,2155,10587,283,n/a,2001
E07000222,West Midlands,Warwick,62658,6024,53,1215,2051,214,540,39324,3790,2204,7046,197,n/a,2001
E08000031,West Midlands,Wolverhampton,94926,7084,1067,1644,12129,524,823,52206,7030,2534,9579,306,n/a,2001
E07000237,West Midlands,Worcester,47003,3594,15,638,2134,119,562,27348,3349,2198,6917,129,n/a,2001
E07000238,West Midlands,Wychavon,56186,7002,28,644,924,115,534,37215,3367,1379,4766,212,n/a,2001
E07000239,West Midlands,Wyre Forest,47161,4548,15,877,1146,211,529,30851,3580,1031,4230,143,n/a,2001
E07000200,East of England,Babergh,40296,4888,50,1204,1318,109,370,25138,2360,1090,3604,165,n/a,2001
E07000066,East of England,Basildon,77773,5452,442,12655,3085,707,660,41725,5140,1552,6119,236,n/a,2001
E06000055,East of England,Bedford,70513,6669,84,2740,3098,233,587,42572,4191,3222,6796,321,n/a,2001
E07000067,East of England,Braintree,66092,6696,117,5384,1522,249,634,39823,3892,1366,6164,245,n/a,2001
E07000143,East of England,Breckland,55612,6377,44,264,1215,170,515,35422,3563,2314,5480,248,n/a,2001
E07000068,East of England,Brentwood,32807,3197,342,6612,755,201,295,17189,1420,317,2376,103,n/a,2001
E07000144,East of England,Broadland,57964,5656,38,453,3912,117,1037,37048,3631,2594,3083,395,n/a,2001
E07000095,East of England,Broxbourne,43482,3506,746,4976,1141,456,622,26203,2174,619,2905,134,n/a,2001
E07000008,East of England,Cambridge,49236,4217,95,1523,2549,157,609,18441,1827,12758,6890,170,n/a,2001
E07000069,East of England,Castle Point,41035,3252,100,5830,1766,183,448,24182,2241,690,2254,89,n/a,2001
E06000056,East of England,Central Bedfordshire,121032,11744,123,5847,3082,284,1152,79329,6792,2726,9553,400,n/a,2001
E07000070,East of England,Chelmsford,80257,7178,219,9714,3070,185,772,45004,4041,2820,7003,251,n/a,2001
E07000071,East of England,Colchester,75126,6880,111,5210,4587,264,827,41528,4310,3227,7652,530,n/a,2001
E07000096,East of England,Dacorum,69313,6745,327,4132,2665,285,699,42888,3858,836,6646,232,n/a,2001
E07000009,East of England,East Cambridgeshire,37208,4082,37,947,854,55,381,24874,2204,1376,2258,140,n/a,2001
E07000097,East of England,East Hertfordshire,67534,6766,331,6692,1240,310,623,41445,3098,1035,5793,201,n/a,2001
E07000072,East of England,Epping Forest,57853,5671,8792,2572,1350,652,736,31844,2316,433,3297,190,n/a,2001
E07000010,East of England,Fenland,37757,3697,24,419,832,138,347,24003,2843,2534,2746,174,n/a,2001
E07000201,East of England,Forest Heath,28298,2421,18,111,575,124,244,18540,1826,1308,2988,143,n/a,2001
E07000145,East of England,Great Yarmouth,37584,3338,23,254,2532,218,486,21121,2550,1815,4365,882,n/a,2001
E07000073,East of England,Harlow,38824,2489,814,1643,1956,473,451,22734,3140,1149,3860,115,n/a,2001
E07000098,East of England,Hertsmere,46003,4695,1574,4790,1875,358,552,25804,1987,497,3696,175,n/a,2001
E07000011,East of England,Huntingdonshire,82325,8050,53,2338,2263,198,723,53248,5107,3622,6437,286,n/a,2001
E07000202,East of England,Ipswich,54091,3616,34,981,5623,143,821,28140,3940,3092,7490,211,n/a,2001
E07000146,East of England,King`s Lynn and West Norfolk,60197,6674,58,553,1508,154,690,37754,4119,3248,5148,291,n/a,2001
E06000032,East of England,Luton,82362,6027,166,3961,6451,832,707,46412,6477,1432,9564,333,n/a,2001
E07000074,East of England,Maldon,28943,3394,52,2111,379,84,236,18179,1511,690,2160,147,n/a,2001
E07000203,East of England,Mid Suffolk,42629,5462,40,760,1191,80,466,27536,2366,1624,2932,172,n/a,2001
E07000099,East of England,North Hertfordshire,58814,5797,106,4887,1455,245,567,35174,3151,1445,5763,224,n/a,2001
E07000147,East of England,North Norfolk,41411,5449,45,364,1187,115,480,24111,2411,2002,4849,398,n/a,2001
E07000148,East of England,Norwich,53606,3567,41,471,4516,262,795,23489,3322,4691,12169,283,n/a,2001
E06000031,East of England,Peterborough,73295,5524,64,1592,4783,384,751,42282,5769,5643,6256,247,n/a,2001
E07000075,East of England,Rochford,37792,3355,64,5755,1454,139,399,22104,1845,505,2055,117,n/a,2001
E07000012,East of England,South Cambridgeshire,69159,7695,72,1835,2771,158,964,43372,3316,4666,3989,321,n/a,2001
E07000149,East of England,South Norfolk,52626,6326,46,391,2273,81,724,34184,3086,2004,3163,348,n/a,2001
E06000033,East of England,Southend-on-Sea,70177,5617,142,9288,4205,397,713,35852,3811,1917,8002,233,n/a,2001
E07000100,East of England,St Albans,65676,6950,371,9784,1755,161,537,37058,2747,925,5152,236,n/a,2001
E07000204,East of England,St Edmundsbury,50181,5081,39,267,1211,255,537,31340,3542,1734,5977,198,n/a,2001
E07000101,East of England,Stevenage,39576,2779,85,2030,2163,187,494,24065,3152,1147,3381,93,n/a,2001
E07000205,East of England,Suffolk Coastal,52327,5937,80,832,1582,139,835,32851,2838,2804,4171,258,n/a,2001
E07000076,East of England,Tendring,53642,5488,85,2654,1427,271,621,31757,3439,2419,5202,279,n/a,2001
E07000102,East of England,Three Rivers,40565,4136,3265,1848,1149,198,473,24704,1853,531,2243,165,n/a,2001
E06000034,East of England,Thurrock,69534,4801,669,9298,3037,505,1026,40041,4438,1165,4341,213,n/a,2001
E07000077,East of England,Uttlesford,35045,4584,158,2670,369,111,271,21453,1586,519,3155,169,n/a,2001
E07000103,East of England,Watford,41648,3261,1109,2979,1774,202,499,23186,2012,941,5560,125,n/a,2001
E07000206,East of England,Waveney,46001,4168,44,443,1868,224,794,26564,2833,3880,4445,738,n/a,2001
E07000104,East of England,Welwyn Hatfield,46157,4131,349,3990,1465,240,467,26900,2567,1269,4605,174,n/a,2001
E09000002,London,Barking and Dagenham,65864,4010,10469,7192,6933,507,1032,27006,2864,1021,4665,165,n/a,2001
E09000003,London,Barnet,145920,15467,33433,7631,12906,898,1661,59224,4071,1351,8772,506,n/a,2001
E09000004,London,Bexley,103629,7537,906,24757,7740,907,2018,48467,4126,1039,5878,254,n/a,2001
E09000005,London,Brent,118704,10886,30793,7328,15273,464,1139,39643,3222,1933,7614,409,n/a,2001
E09000006,London,Bromley,141497,12653,2826,39030,9547,741,2109,59775,4235,1333,8792,456,n/a,2001
E09000007,London,Camden,91868,9860,29596,5299,11480,958,1250,13703,1073,3362,14654,633,n/a,2001
E09000001,London,City of London,4290,432,937,149,214,77,30,263,14,74,2049,51,n/a,2001
E09000008,London,Croydon,156741,13372,6553,32819,18259,756,2031,62940,4978,1615,12705,713,n/a,2001
E09000009,London,Ealing,143766,12256,33620,6892,15376,432,1642,55957,4170,3157,9748,516,n/a,2001
E09000010,London,Enfield,121257,9985,15728,12304,12193,843,1312,55098,4165,1437,7839,353,n/a,2001
E09000011,London,Greenwich,91586,6581,7024,22144,12354,565,1483,30848,2669,1336,6295,287,n/a,2001
E09000012,London,Hackney,79226,6937,14369,5235,20575,577,1227,16052,1172,4940,7811,331,n/a,2001
E09000013,London,Hammersmith and Fulham,83023,7376,31245,3046,8892,420,1828,14921,857,3942,10068,428,n/a,2001
E09000014,London,Haringey,95732,8416,33295,5983,12319,310,1202,24284,1580,2388,5657,298,n/a,2001
E09000015,London,Harrow,97759,9644,19408,4758,6877,505,742,45321,3124,848,6180,352,n/a,2001
E09000016,London,Havering,104537,7500,8067,18600,7381,960,1379,48864,4188,914,6407,277,n/a,2001
E09000017,London,Hillingdon,117044,9624,11327,3583,10327,515,1433,65142,4766,2019,7933,375,n/a,2001
E09000018,London,Hounslow,103623,8667,13112,5671,12314,301,1448,46771,3479,3185,8265,410,n/a,2001
E09000019,London,Islington,79855,6711,22514,3700,15238,990,1126,12415,1011,3770,11972,408,n/a,2001
E09000020,London,Kensington and Chelsea,75571,10259,26358,2074,7951,1465,1278,12748,1094,2130,9529,685,n/a,2001
E09000021,London,Kingston upon Thames,74893,6783,1877,14625,6303,297,1297,31808,2045,2331,7207,320,n/a,2001
E09000022,London,Lambeth,130736,9873,38538,18848,19277,440,2350,24736,1504,5407,9250,513,n/a,2001
E09000023,London,Lewisham,114583,8350,10094,33003,15797,499,1656,32833,2482,2121,7342,406,n/a,2001
E09000024,London,Merton,94943,8052,18905,16184,7513,365,1422,31369,2087,2220,6485,341,n/a,2001
E09000025,London,Newham,86428,7053,26251,8351,10497,413,728,23324,1956,1188,6351,316,n/a,2001
E09000026,London,Redbridge,106114,8967,24530,9970,6696,1451,1180,42604,3253,966,6115,382,n/a,2001
E09000027,London,Richmond upon Thames,89408,9852,7449,16793,6314,229,1537,34645,1747,3493,6881,468,n/a,2001
E09000028,London,Southwark,107868,8313,20228,12694,23848,718,1642,21939,1620,3965,12202,699,n/a,2001
E09000029,London,Sutton,90291,7411,3175,14110,6392,506,1673,44142,3402,1930,7260,290,n/a,2001
E09000030,London,Tower Hamlets,73938,5658,27597,3772,7685,786,835,12228,1021,2213,11667,476,n/a,2001
E09000031,London,Waltham Forest,97777,6735,26849,9326,9300,786,1155,32126,2553,1708,6915,324,n/a,2001
E09000032,London,Wandsworth,141191,10809,39731,25290,14266,474,3179,28757,1747,5498,10863,577,n/a,2001
E09000033,London,Westminster,89472,9906,28420,3253,11071,1453,1123,11809,1103,2496,17969,869,n/a,2001
E07000223,South East,Adur,27166,2458,15,1615,1447,93,376,16044,1668,1083,2265,102,n/a,2001
E07000224,South East,Arun,60400,6326,44,1975,1429,354,744,36695,3667,3058,5808,300,n/a,2001
E07000105,South East,Ashford,48872,5541,53,2620,1409,143,428,29466,3171,1330,4483,228,n/a,2001
E07000004,South East,Aylesbury Vale,86232,9545,134,3260,2010,497,680,54767,4744,1781,8475,339,n/a,2001
E07000084,South East,Basingstoke and Deane,82628,7768,68,3262,3079,290,730,52556,5407,1983,7172,313,n/a,2001
E06000036,South East,Bracknell Forest,60010,5431,53,2133,1565,236,603,39462,3344,1672,5240,271,n/a,2001
E06000043,South East,Brighton and Hove,117551,10870,202,9854,14642,623,953,50733,5730,3168,20162,614,n/a,2001
E07000106,South East,Canterbury,57035,5696,90,2206,1984,268,579,32213,3650,1744,8283,322,n/a,2001
E07000177,South East,Cherwell,70240,6779,60,1177,3465,257,698,42743,4604,2755,7435,267,n/a,2001
E07000225,South East,Chichester,47996,6476,78,1603,918,109,425,27891,2525,2052,5588,331,n/a,2001
E07000005,South East,Chiltern,43123,5691,1991,2590,511,114,324,26461,1803,457,3004,177,n/a,2001
E07000226,South East,Crawley,51470,3667,40,3166,3220,427,463,31319,3430,1507,4034,197,n/a,2001
E07000107,South East,Dartford,42255,3044,95,5902,1944,299,799,23813,2551,477,3217,114,n/a,2001
E07000108,South East,Dover,45040,3864,40,1086,1618,449,595,26900,3395,1216,5586,291,n/a,2001
E07000085,South East,East Hampshire,55117,6472,55,2396,860,101,527,35345,2849,1132,5030,350,n/a,2001
E07000061,South East,Eastbourne,36713,3146,39,1619,2177,261,341,20228,2422,1269,5016,195,n/a,2001
E07000086,South East,Eastleigh,60532,5175,42,1523,2432,93,966,40537,3631,1686,4201,246,n/a,2001
E07000207,South East,Elmbridge,58786,7238,333,9351,1102,154,863,32595,1926,1630,3304,290,n/a,2001
E07000208,South East,Epsom and Ewell,33199,3066,326,5293,902,181,547,18045,1233,812,2661,133,n/a,2001
E07000087,South East,Fareham,54358,4658,42,1577,1487,184,1002,36058,3137,2109,3642,462,n/a,2001
E07000088,South East,Gosport,37295,2530,35,467,2441,183,866,19595,2310,3977,4396,495,n/a,2001
E07000109,South East,Gravesham,43960,3617,86,3453,3641,174,599,24877,3252,563,3520,178,n/a,2001
E07000209,South East,Guildford,67097,6981,124,5695,2140,152,603,38687,3150,1696,7500,369,n/a,2001
E07000089,South East,Hart,45499,4871,58,2451,591,96,462,30312,1962,1208,3204,284,n/a,2001
E07000062,South East,Hastings,35498,3075,36,1532,1925,339,420,19422,2959,534,5111,145,n/a,2001
E07000090,South East,Havant,53011,4293,24,1288,2802,384,712,33321,3976,1993,3972,246,n/a,2001
E07000227,South East,Horsham,61172,7127,54,3452,1171,93,481,38916,2920,1216,5489,253,n/a,2001
E06000046,South East,Isle of Wight,54483,5796,86,633,2144,109,1065,29508,3240,1658,9081,1163,n/a,2001
E07000063,South East,Lewes,41137,4672,39,2511,2266,226,405,23357,2352,679,4461,169,n/a,2001
E07000110,South East,Maidstone,69471,7003,71,4260,2965,186,603,42182,3954,862,7096,289,n/a,2001
E06000035,South East,Medway,119260,9084,194,9369,6519,413,1578,70078,8515,1620,11381,509,n/a,2001
E07000228,South East,Mid Sussex,64744,6920,60,6999,943,215,536,38244,3286,970,6270,301,n/a,2001
E06000042,South East,Milton Keynes,108075,9253,151,3909,5118,871,1010,67986,8732,3265,7405,375,n/a,2001
E07000210,South East,Mole Valley,39164,4954,102,4141,449,91,382,23274,1595,648,3327,201,n/a,2001
E07000091,South East,New Forest,77054,8607,84,1378,1835,137,1110,50454,4099,3293,5384,673,n/a,2001
E07000178,South East,Oxford,60093,5068,116,1079,9814,209,637,22638,2533,8927,8826,246,n/a,2001
E06000044,South East,Portsmouth,87019,5872,76,2094,7471,1131,1104,43922,5690,6160,12894,605,n/a,2001
E06000038,South East,Reading,73600,5452,98,4737,8953,218,704,35187,3655,3028,11306,262,n/a,2001
E07000211,South East,Reigate and Banstead,64184,6475,257,7280,1432,379,778,38012,2899,1021,5382,269,n/a,2001
E07000064,South East,Rother,33380,4725,43,1961,610,93,337,19585,1863,477,3537,149,n/a,2001
E07000212,South East,Runnymede,39037,3700,141,2516,560,117,477,25170,1695,1294,3210,157,n/a,2001
E07000092,South East,Rushmoor,49923,4219,33,2221,1292,187,691,30597,3051,2032,5378,222,n/a,2001
E07000111,South East,Sevenoaks,52029,5948,102,8473,1020,206,677,28837,2303,481,3783,199,n/a,2001
E07000112,South East,Shepway,41815,4192,48,1124,1578,230,435,24843,3038,877,5210,240,n/a,2001
E06000039,South East,Slough,58399,4265,312,2715,2572,491,517,35611,3965,1714,6035,202,n/a,2001
E07000006,South East,South Bucks,30135,3960,389,1734,446,95,245,19601,1289,456,1768,152,n/a,2001
E07000179,South East,South Oxfordshire,66738,7883,99,2869,1821,108,734,41293,3259,2502,5889,281,n/a,2001
E06000045,South East,Southampton,98210,6511,79,1991,11223,372,1495,52002,6769,4226,13063,479,n/a,2001
E07000213,South East,Spelthorne,46924,3998,385,2898,1753,134,785,30349,1900,1452,3108,162,n/a,2001
E07000214,South East,Surrey Heath,42608,4593,61,2029,732,83,387,28908,1902,828,2903,182,n/a,2001
E07000113,South East,Swale,55712,5107,60,3649,1576,217,673,32896,3775,1547,5975,237,n/a,2001
E07000215,South East,Tandridge,39166,4760,99,5266,933,133,462,22834,1635,310,2536,198,n/a,2001
E07000093,South East,Test Valley,57137,5899,57,1293,1655,183,689,36692,3566,1667,5157,279,n/a,2001
E07000114,South East,Thanet,49197,4443,64,1315,2717,603,662,27461,3809,1577,6278,268,n/a,2001
E07000115,South East,Tonbridge and Malling,53038,5282,62,5150,1458,127,624,31938,2921,920,4370,186,n/a,2001
E07000116,South East,Tunbridge Wells,50864,5808,72,6259,1290,141,401,26889,2619,616,6516,253,n/a,2001
E07000180,South East,Vale of White Horse,59832,6241,59,1090,3091,69,770,36040,3220,4031,4981,240,n/a,2001
E07000216,South East,Waverley,56396,7082,81,4709,1217,93,508,34073,2582,977,4764,310,n/a,2001
E07000065,South East,Wealden,64514,8893,81,3560,1501,189,497,40569,3380,725,4810,309,n/a,2001
E06000037,South East,West Berkshire,77568,8501,91,3032,3419,151,752,48136,4359,2071,6712,344,n/a,2001
E07000181,South East,West Oxfordshire,50469,5796,67,765,2340,89,470,31113,2851,2459,4310,209,n/a,2001
E07000094,South East,Winchester,53306,6387,58,2178,1722,110,528,31335,2620,1012,6987,369,n/a,2001
E06000040,South East,Windsor and Maidenhead,68149,7805,214,4320,1198,247,647,42284,2877,1908,6250,399,n/a,2001
E07000217,South East,Woking,46258,4296,103,5445,1022,185,477,27255,2287,1232,3782,174,n/a,2001
E06000041,South East,Wokingham,81279,8675,87,4273,3608,162,750,52962,3457,2153,4878,274,n/a,2001
E07000229,South East,Worthing,44180,3841,31,1968,1284,314,537,25395,2721,2336,5581,172,n/a,2001
E07000007,South East,Wycombe,81954,8931,420,3083,2853,164,806,52982,4171,1196,7068,280,n/a,2001
E06000022,South West,Bath and North East Somerset,80257,8258,80,1951,6163,226,1106,43561,4522,1949,12095,346,n/a,2001
E06000028,South West,Bournemouth,72395,6988,82,1019,5306,252,1221,42140,4251,2892,7911,333,n/a,2001
E06000023,South West,"Bristol, City of",177057,12944,164,1515,22244,550,2746,89525,11082,8108,27607,572,n/a,2001
E07000078,South West,Cheltenham,53099,4641,40,376,2503,163,637,28972,3059,3661,8852,195,n/a,2001
E07000048,South West,Christchurch,18143,1788,17,275,728,52,256,11710,950,824,1460,83,n/a,2001
E06000052,South West,Cornwall,212989,29613,153,1346,5780,842,3370,124554,14135,3618,27427,2151,n/a,2001
E07000079,South West,Cotswold,39280,5842,99,421,537,70,363,23701,2173,1119,4706,249,n/a,2001
E07000040,South West,East Devon,52509,7932,46,945,1354,155,715,30163,3082,1096,6425,596,n/a,2001
E07000049,South West,East Dorset,37060,4556,22,192,577,40,536,26050,1955,1025,1938,169,n/a,2001
E07000041,South West,Exeter,51634,4016,52,462,4998,143,876,25462,3459,2304,9661,201,n/a,2001
E07000080,South West,Forest of Dean,37549,4551,18,135,1091,49,427,24523,2722,500,3335,198,n/a,2001
E07000081,South West,Gloucester,52525,3767,24,228,3433,90,809,31616,3697,3181,5514,166,n/a,2001
E06000053,South West,Isles of Scilly,1270,295,0,4,4,6,32,224,26,152,499,28,n/a,2001
E07000187,South West,Mendip,48881,6295,26,281,817,157,554,30170,2893,1337,6124,227,n/a,2001
E07000042,South West,Mid Devon,32847,5454,22,130,800,59,426,19161,1931,767,3924,173,n/a,2001
E07000043,South West,North Devon,39316,6041,25,106,1217,97,600,20805,2447,1414,6328,236,n/a,2001
E07000050,South West,North Dorset,28730,4052,34,256,400,82,302,16667,1469,725,4583,160,n/a,2001
E06000024,South West,North Somerset,88733,9657,56,1327,4332,300,1222,55921,5612,2260,7722,324,n/a,2001
E06000026,South West,Plymouth,106295,7008,68,363,12694,641,2282,57205,8316,2806,14035,877,n/a,2001
E06000029,South West,Poole,64217,5683,54,715,3308,150,1121,40322,4084,2791,5661,328,n/a,2001
E07000051,South West,Purbeck,20333,2417,17,334,351,59,328,12412,1237,713,2299,166,n/a,2001
E07000188,South West,Sedgemoor,48146,5713,22,185,916,121,687,29746,2928,2992,4594,242,n/a,2001
E06000025,South West,South Gloucestershire,127755,10907,54,826,8291,205,2300,83580,8062,3782,9339,409,n/a,2001
E07000044,South West,South Hams,37003,5843,39,221,827,93,615,21591,2008,426,4953,387,n/a,2001
E07000189,South West,South Somerset,71240,8262,70,303,1321,166,1108,43594,4308,2622,9166,320,n/a,2001
E07000082,South West,Stroud,52389,6312,51,413,1262,54,650,34449,3258,1048,4720,172,n/a,2001
E06000030,South West,Swindon,93953,6657,38,865,7184,531,1658,55409,6830,4777,9712,292,n/a,2001
E07000190,South West,Taunton Deane,48052,5238,35,298,1164,93,879,27657,2899,3190,6338,261,n/a,2001
E07000045,South West,Teignbridge,53228,6828,34,616,1584,115,867,33132,3359,700,5712,281,n/a,2001
E07000083,South West,Tewkesbury,38103,4107,29,156,1673,65,439,24547,2122,1908,2933,124,n/a,2001
E06000027,South West,Torbay,53543,5807,35,270,2437,220,950,30218,4038,831,8371,366,n/a,2001
E07000046,South West,Torridge,25522,4634,10,65,544,72,370,14083,1740,318,3492,194,n/a,2001
E07000047,South West,West Devon,22208,3960,25,143,462,62,230,12865,1213,251,2807,190,n/a,2001
E07000052,South West,West Dorset,39912,6110,65,338,685,140,498,23103,2152,1026,5515,280,n/a,2001
E07000191,South West,West Somerset,14393,2617,17,62,290,37,137,7395,702,486,2543,107,n/a,2001
E07000053,South West,Weymouth and Portland,28263,2430,14,239,2306,171,613,15670,2069,946,3601,204,n/a,2001
E06000054,South West,Wiltshire,217278,24185,278,3790,5985,539,2586,131430,13092,7885,26396,1112,n/a,2001
W06000001,Wales,Anglesey,26167,3260,15,148,598,110,205,16442,2089,448,2610,242,n/a,2001
W06000019,Wales,Blaenau Gwent,25133,1445,3,75,1010,201,142,15507,3384,146,3135,85,n/a,2001
W06000013,Wales,Bridgend,52865,3702,27,596,2201,342,412,34224,5626,502,4972,261,n/a,2001
W06000018,Wales,Caerphilly,67295,4388,26,1806,3592,375,490,42288,7647,466,6008,209,n/a,2001
W06000015,Wales,Cardiff,130270,8691,97,2567,14266,549,776,72780,9299,3514,17196,535,n/a,2001
W06000010,Wales,Carmarthenshire,67558,9742,41,485,1704,257,482,41940,5641,716,6099,451,n/a,2001
W06000008,Wales,Ceredigion,29653,5789,20,97,798,95,163,16263,2082,309,3837,200,n/a,2001
W06000003,Wales,Conwy,43731,5605,29,331,1823,218,299,26391,3201,740,4742,352,n/a,2001
W06000004,Wales,Denbighshire,38277,4426,16,300,1011,257,232,23446,3205,697,4390,297,n/a,2001
W06000005,Wales,Flintshire,69452,5415,40,419,2704,421,715,47456,5778,1189,4988,327,n/a,2001
W06000002,Wales,Gwynedd,46911,6984,20,265,1924,179,237,26230,3467,741,6566,298,n/a,2001
W06000024,Wales,Merthyr Tydfil,19887,1225,4,220,1620,125,89,11868,2433,111,2125,67,n/a,2001
W06000021,Wales,Monmouthshire,38313,4948,24,469,651,141,367,24645,2551,474,3823,220,n/a,2001
W06000012,Wales,Neath Port Talbot,50051,3301,36,485,2442,260,497,31985,5289,674,4794,288,n/a,2001
W06000022,Wales,Newport,56325,3811,36,773,5554,286,534,34077,4982,820,5249,203,n/a,2001
W06000009,Wales,Pembrokeshire,44897,7377,41,169,1353,199,332,25793,3672,364,5190,407,n/a,2001
W06000023,Wales,Powys,56925,11422,35,202,672,168,336,32126,3461,739,7379,385,n/a,2001
W06000016,Wales,"Rhondda, Cynon, Taff",88385,5612,31,2254,4942,218,553,54458,10898,449,8561,409,n/a,2001
W06000011,Wales,Swansea,88111,6655,62,450,6387,603,678,55159,8344,1024,8232,517,n/a,2001
W06000014,Wales,The Vale of Glamorgan,52118,4409,48,2045,2278,266,514,32968,3975,980,4364,271,n/a,2001
W06000020,Wales,Torfaen,36852,2267,23,255,1643,309,341,24201,3831,378,3483,121,n/a,2001
W06000006,Wales,Wrexham,57080,4849,23,208,3149,396,494,36116,5671,908,4989,277,n/a,2001
E06000047,North East,County Durham,227894,20652,323,1865,13732,1401,1038,146644,17362,2205,21490,1182,155902,2011
E06000005,North East,Darlington,49014,4180,33,828,3380,403,191,28981,3337,1151,6284,246,27621,2011
E08000020,North East,Gateshead,91877,6383,4270,705,13909,453,364,50236,5830,1314,7966,447,56202,2011
E06000001,North East,Hartlepool,37767,2473,33,469,2556,673,175,22863,3157,706,4305,357,29037,2011
E06000002,North East,Middlesbrough,54547,3337,44,698,4868,902,195,31155,4639,1375,6769,565,46004,2011
E08000021,North East,Newcastle upon Tyne,119335,8430,6304,1381,21728,1037,345,54165,6706,3223,15302,714,93529,2011
E08000022,North East,North Tyneside,96026,6997,8523,1385,8606,748,471,52543,5951,2345,7559,898,51863,2011
E06000048,North East,Northumberland,146901,17894,659,1852,7593,523,682,90566,9283,2074,14632,1143,86323,2011
E06000003,North East,Redcar and Cleveland,56354,4034,43,1175,3314,388,255,36281,3976,875,5335,678,42823,2011
E08000023,North East,South Tyneside,64622,3875,5681,1090,6194,303,341,35011,3774,1396,5749,1208,44359,2011
E06000004,North East,Stockton-on-Tees,87122,6376,97,1115,5023,593,410,57793,6014,1693,7101,907,53532,2011
E08000024,North East,Sunderland,121511,7705,2762,894,15151,740,520,70607,9356,1588,11310,878,84041,2011
E07000026,North West,Allerdale,46076,6025,22,374,1730,106,228,27790,3415,694,5496,196,24902,2011
E07000027,North West,Barrow-in-Furness,31257,2009,33,515,1593,426,542,16727,2277,1620,5302,213,19846,2011
E06000008,North West,Blackburn with Darwen,60523,4930,42,956,3240,1097,315,36700,4916,592,7460,275,43894,2011
E06000009,North West,Blackpool,61419,6173,40,512,5174,565,551,32816,4578,1916,8705,389,42394,2011
E08000001,North West,Bolton,123367,10086,274,4384,8200,1537,792,76681,8189,1261,11435,528,77356,2011
E07000117,North West,Burnley,38133,2941,20,238,3170,316,212,23316,2991,397,4375,157,25243,2011
E08000002,North West,Bury,88036,7689,4234,523,5671,690,455,55361,4819,1176,7094,324,46651,2011
E07000028,North West,Carlisle,53874,5464,30,304,3691,174,294,30673,3377,1390,8245,232,25657,2011
E06000049,North West,Cheshire East,181136,23337,254,4971,3267,504,1169,116931,8993,4666,16282,762,89817,2011
E06000050,North West,Cheshire West and Chester,160138,17178,257,3114,5477,783,1001,103898,8767,4200,14669,794,83017,2011
E07000118,North West,Chorley,53702,5827,34,1261,1575,135,375,36378,2941,761,4227,188,26249,2011
E07000029,North West,Copeland,32891,2782,18,519,1532,152,272,20877,3086,554,2958,141,19811,2011
E07000030,North West,Eden,27461,5771,20,206,578,67,86,15360,1311,326,3601,135,11274,2011
E07000119,North West,Fylde,34510,4055,32,416,1339,139,235,22153,1690,959,3325,167,20034,2011
E06000006,North West,Halton,57577,3696,38,1081,3787,321,351,37640,3988,1191,5221,263,35131,2011
E07000120,North West,Hyndburn,35993,2860,9,325,2247,360,239,23076,2576,398,3751,152,22363,2011
E08000011,North West,Knowsley,61691,3531,162,3448,6806,1195,275,34717,4682,962,5569,344,44464,2011
E07000121,North West,Lancaster,62832,6644,53,1252,3707,341,533,34942,3810,2497,8706,347,40464,2011
E08000012,North West,Liverpool,196630,12180,1081,9707,38027,2574,780,91570,11587,3970,23991,1163,160246,2011
E08000003,North West,Manchester,213705,15288,2841,5663,46652,1810,841,91871,9828,8426,29347,1138,169227,2011
E08000004,North West,Oldham,96300,7349,121,1115,10269,971,489,57766,7097,993,9622,508,63465,2011
E07000122,North West,Pendle,39324,3370,19,287,2092,353,185,24451,2868,498,5019,182,25116,2011
E07000123,North West,Preston,64180,5038,44,865,7148,345,418,35956,4324,1449,8299,294,39905,2011
E07000124,North West,Ribble Valley,28713,4070,26,304,593,47,160,19098,1303,380,2635,97,12572,2011
E08000005,North West,Rochdale,90753,7076,181,1804,7904,1493,465,55947,6383,910,8172,418,61989,2011
E07000125,North West,Rossendale,32808,3292,25,164,1872,130,218,22313,1938,236,2478,142,17267,2011
E08000006,North West,Salford,106904,7987,2205,1953,11786,1154,612,57767,6601,2491,13850,498,66213,2011
E08000014,North West,Sefton,121919,10137,512,8871,8404,1530,599,69071,7262,3176,11561,796,76278,2011
E07000031,North West,South Lakeland,51672,9125,34,696,933,171,268,28423,2558,1361,7843,260,24159,2011
E07000126,North West,South Ribble,55761,4691,32,797,2697,143,467,38169,3165,1587,3838,175,24697,2011
E08000013,North West,St. Helens,78580,5347,33,2355,4862,621,491,51899,5352,1092,6231,297,51004,2011
E08000007,North West,Stockport,137130,13362,220,6781,10988,412,754,84858,5839,2756,10637,523,68180,2011
E08000008,North West,Tameside,101892,7651,173,3470,11143,543,675,61044,5893,1401,9519,380,59567,2011
E08000009,North West,Trafford,110912,11166,5490,1511,7479,560,495,66954,5030,3393,8338,496,51894,2011
E06000007,North West,Warrington,100856,9336,142,2068,4946,368,677,67670,5650,2577,7038,384,48605,2011
E07000127,North West,West Lancashire,51694,5648,94,1678,1451,571,276,33181,3102,857,4568,268,29907,2011
E08000010,North West,Wigan,149908,10864,78,3274,8516,755,1137,99323,9757,2354,13301,549,86587,2011
E08000015,North West,Wirral,139929,11602,1355,8249,9929,907,1273,83682,8351,2275,11193,1113,90922,2011
E07000128,North West,Wyre,48558,5406,45,548,1994,229,404,31480,2916,1340,3820,376,29105,2011
E08000016,Yorkshire and The Humber,Barnsley,103579,7945,115,2037,6467,455,823,67465,7487,712,9700,373,66826,2011
E08000032,Yorkshire and The Humber,Bradford,218937,19312,261,10909,19595,2502,1027,124104,15300,1681,23175,1071,147280,2011
E08000033,Yorkshire and The Humber,Calderdale,96645,9506,80,3139,8075,498,605,57705,6044,877,9763,353,52121,2011
E07000163,Yorkshire and The Humber,Craven,27600,4595,25,926,591,55,120,15703,1299,331,3799,156,12456,2011
E08000017,Yorkshire and The Humber,Doncaster,133815,11055,114,2827,9961,774,816,82346,9972,3227,12214,509,87062,2011
E06000011,Yorkshire and The Humber,East Riding of Yorkshire,158757,18942,103,2206,4428,472,1182,101115,8579,5819,14774,1137,86837,2011
E07000164,Yorkshire and The Humber,Hambleton,45255,7270,37,550,676,80,193,27312,2079,1196,5612,250,20000,2011
E07000165,Yorkshire and The Humber,Harrogate,81402,12145,118,1903,3053,204,436,47030,3936,1723,10465,389,32636,2011
E06000010,Yorkshire and The Humber,"Kingston upon Hull, City of",110903,5676,51,642,14317,1111,1313,56712,8631,8944,12705,801,79707,2011
E08000034,Yorkshire and The Humber,Kirklees,192397,17716,151,5281,14890,1672,1256,118836,12264,1791,17802,738,114797,2011
E08000035,Yorkshire and The Humber,Leeds,355225,29647,454,11440,49589,3047,1740,190643,21056,6237,40140,1232,205624,2011
E06000012,Yorkshire and The Humber,North East Lincolnshire,70776,4574,51,312,4251,523,645,43237,4972,3817,7841,553,45047,2011
E06000013,Yorkshire and The Humber,North Lincolnshire,78101,6841,33,348,1858,193,779,52473,5166,2959,7041,410,44228,2011
E07000166,Yorkshire and The Humber,Richmondshire,27795,4910,29,400,522,90,128,15097,1364,447,4215,593,10857,2011
E08000018,Yorkshire and The Humber,Rotherham,114871,8748,450,1232,9759,619,674,75360,8132,987,8542,368,73088,2011
E07000167,Yorkshire and The Humber,Ryedale,25504,5114,24,254,407,40,171,14442,1296,764,2834,158,12077,2011
E07000168,Yorkshire and The Humber,Scarborough,48359,6450,35,549,2090,222,367,24373,3098,1079,9706,390,31034,2011
E07000169,Yorkshire and The Humber,Selby,43286,5133,28,1104,1318,62,305,28833,2267,1032,3060,144,18545,2011
E08000019,Yorkshire and The Humber,Sheffield,244318,18553,8186,3956,34061,1147,1348,128899,13464,4267,29288,1149,166686,2011
E08000036,Yorkshire and The Humber,Wakefield,151828,11373,116,3964,10513,1356,967,95373,11418,1869,14373,506,89169,2011
E06000014,Yorkshire and The Humber,York,98721,9297,96,2406,7039,377,947,45123,4463,11106,17457,410,51068,2011
E07000032,East Midlands,Amber Valley,59381,5697,67,664,2375,163,577,40210,3346,796,5297,189,31177,2011
E07000170,East Midlands,Ashfield,55336,4177,1144,588,2907,213,485,35904,3500,1109,5056,253,32701,2011
E07000171,East Midlands,Bassetlaw,52814,5525,35,583,1228,145,374,34984,3546,1320,4873,201,30491,2011
E07000129,East Midlands,Blaby,48276,4795,30,357,2468,102,354,33359,2465,1306,2894,146,20282,2011
E07000033,East Midlands,Bolsover,34511,2855,59,247,1614,111,287,23758,2397,272,2780,131,21434,2011
E07000136,East Midlands,Boston,30807,2831,12,92,632,119,239,18492,3471,1976,2783,160,16499,2011
E07000172,East Midlands,Broxtowe,53185,4688,369,755,4974,114,453,32280,2483,2220,4672,177,28388,2011
E07000130,East Midlands,Charnwood,79572,7925,84,1179,3892,122,588,50738,3910,2969,7930,235,45395,2011
E07000034,East Midlands,Chesterfield,47901,3755,39,684,3788,349,358,30089,3164,515,4996,164,28508,2011
E07000150,East Midlands,Corby,30688,1860,24,284,1834,397,179,19068,3380,857,2651,154,14361,2011
E07000151,East Midlands,Daventry,39536,5753,40,695,533,73,202,26698,1873,532,3015,122,17843,2011
E06000015,East Midlands,Derby,112422,7829,83,1196,9978,893,970,65944,7128,4158,13755,488,66869,2011
E07000035,East Midlands,Derbyshire Dales,35005,6390,42,418,772,48,204,21520,1620,357,3454,180,16973,2011
E07000137,East Midlands,East Lindsey,56311,8626,64,134,1032,181,390,33997,2662,2019,6846,360,43617,2011
E07000152,East Midlands,East Northamptonshire,43417,5196,38,674,600,98,303,30016,2242,548,3575,127,19589,2011
E07000036,East Midlands,Erewash,54851,4621,55,768,3791,143,628,35070,2847,1866,4896,166,27758,2011
E07000173,East Midlands,Gedling,55598,5150,193,362,7516,178,425,33686,2724,1043,4107,214,27686,2011
E07000131,East Midlands,Harborough,44079,6408,56,814,870,57,252,29182,1791,886,3595,168,17834,2011
E07000037,East Midlands,High Peak,45618,5494,57,2590,1200,151,276,27146,2113,612,5774,205,21771,2011
E07000132,East Midlands,Hinckley and Bosworth,53774,5814,35,402,1578,100,416,37230,2788,1212,4022,177,23942,2011
E07000153,East Midlands,Kettering,46918,4541,30,803,1267,92,283,31112,2910,846,4885,149,21002,2011
E06000016,East Midlands,Leicester,137494,9392,227,1550,18203,714,676,67886,10824,4980,22303,739,104738,2011
E07000138,East Midlands,Lincoln,44599,3088,38,341,2402,259,484,23405,3302,2640,8441,199,26978,2011
E07000174,East Midlands,Mansfield,48361,3613,59,394,2821,274,351,32005,3711,668,4284,181,28794,2011
E07000133,East Midlands,Melton,26184,3489,17,372,638,39,178,16576,1331,570,2878,96,10771,2011
E07000175,East Midlands,Newark and Sherwood,54555,6943,71,810,1380,79,376,34537,2944,2103,5099,213,29590,2011
E07000038,East Midlands,North East Derbyshire,46858,4680,306,459,2683,112,335,32339,2748,326,2709,161,26602,2011
E07000139,East Midlands,North Kesteven,52428,5933,50,638,1427,103,464,34910,2533,2008,4084,278,26188,2011
E07000134,East Midlands,North West Leicestershire,46291,4979,18,202,1039,104,420,32714,2423,759,3449,184,22265,2011
E07000154,East Midlands,Northampton,106792,8457,100,1739,7286,535,534,66252,7702,2732,11052,403,48890,2011
E06000018,East Midlands,Nottingham,123218,8856,2495,1315,24275,950,763,54020,6530,4257,19064,693,108854,2011
E07000135,East Midlands,Oadby and Wigston,26399,2187,43,273,2145,77,162,16953,1534,794,2142,89,14398,2011
E07000176,East Midlands,Rushcliffe,55346,7416,90,602,4690,82,254,34541,2244,1627,3624,176,25409,2011
E06000017,East Midlands,Rutland,18037,3011,29,303,196,20,101,10502,721,606,2478,70,9015,2011
E07000039,East Midlands,South Derbyshire,47886,5083,34,367,1313,163,478,34283,2447,754,2798,166,21564,2011
E07000140,East Midlands,South Holland,41490,4954,31,364,621,68,242,27726,2714,1711,2899,160,22430,2011
E07000141,East Midlands,South Kesteven,66532,7971,73,1223,1383,254,430,42163,3602,1878,7297,258,30787,2011
E07000155,East Midlands,South Northamptonshire,45740,6786,49,971,743,50,263,31638,2042,470,2592,136,16581,2011
E07000156,East Midlands,Wellingborough,36363,3324,34,719,849,297,195,24287,2684,527,3270,177,18454,2011
E07000142,East Midlands,West Lindsey,41968,5681,32,289,694,73,306,28141,2129,860,3518,245,23563,2011
E08000025,West Midlands,Birmingham,423691,32837,1327,19222,71361,2791,1938,223632,22116,6458,40042,1967,336561,2011
E07000234,West Midlands,Bromsgrove,46251,5759,38,1868,1067,113,237,31754,2013,471,2798,133,21556,2011
E07000192,West Midlands,Cannock Chase,47476,3753,20,801,1471,167,367,33305,3215,635,3611,131,24798,2011
E08000026,West Midlands,Coventry,137560,10043,130,2864,14912,708,843,77965,10766,3594,15042,693,94311,2011
E08000027,West Midlands,Dudley,141998,10956,195,4102,10188,422,1216,94090,8057,1723,10645,404,84728,2011
E07000193,West Midlands,East Staffordshire,54921,5555,34,594,1600,419,404,34628,3613,1738,6142,194,28138,2011
E06000019,West Midlands,"Herefordshire, County of",90237,15123,85,612,1491,250,601,52643,4601,3223,11062,546,43205,2011
E07000194,West Midlands,Lichfield,49016,6145,41,1683,1014,94,237,33212,2450,627,3333,180,25741,2011
E07000235,West Midlands,Malvern Hills,34361,6260,34,663,471,55,261,21865,1535,598,2473,146,19151,2011
E07000195,West Midlands,Newcastle-under-Lyme,57366,4982,38,465,2618,509,391,38686,4195,668,4646,168,34969,2011
E07000218,West Midlands,North Warwickshire,31258,3393,17,506,887,117,243,21842,1837,353,1963,100,14912,2011
E07000219,West Midlands,Nuneaton and Bedworth,60205,4381,32,751,2633,200,524,40555,4340,1268,5307,214,31885,2011
E07000236,West Midlands,Redditch,42922,3623,26,724,3017,194,226,28276,2817,665,3198,156,19601,2011
E07000220,West Midlands,Rugby,50485,5216,34,1219,1125,160,393,32570,3293,1505,4809,161,22274,2011
E08000028,West Midlands,Sandwell,128630,7840,1607,3573,17905,719,826,73872,8850,1996,10936,506,90878,2011
E06000051,West Midlands,Shropshire,150748,22808,157,1681,2888,541,893,92220,7598,4310,16951,701,73144,2011
E08000029,West Midlands,Solihull,97941,9989,165,5116,7836,321,484,62325,4516,1341,5516,332,50419,2011
E07000196,West Midlands,South Staffordshire,53328,5996,110,1259,1686,99,334,37970,2637,552,2507,178,27390,2011
E07000197,West Midlands,Stafford,64494,7722,39,1231,1758,208,445,41289,3255,1751,6571,225,32803,2011
E07000198,West Midlands,Staffordshire Moorlands,47591,5919,26,317,1128,30,253,32815,2631,456,3855,161,24494,2011
E06000021,West Midlands,Stoke-on-Trent,108109,6933,31,753,8467,1327,872,67766,9190,1574,10739,457,74699,2011
E07000221,West Midlands,Stratford-on-Avon,60765,10191,102,1031,1057,92,358,38528,2682,1260,5272,192,26963,2011
E07000199,West Midlands,Tamworth,38281,2789,14,798,1412,209,263,26053,2705,826,3074,138,18552,2011
E06000020,West Midlands,Telford and Wrekin,78372,6331,60,1047,3113,849,556,52405,6198,1644,5840,329,43907,2011
E08000030,West Midlands,Walsall,112270,8150,396,1530,11286,572,680,70793,7275,1747,9460,381,79704,2011
E07000222,West Midlands,Warwick,69608,8208,77,2205,2511,132,393,42674,3277,2171,7705,255,33275,2011
E08000031,West Midlands,Wolverhampton,104284,7229,1562,2819,11692,690,638,60420,6767,2170,9870,427,75699,2011
E07000237,West Midlands,Worcester,50101,4210,27,891,2235,169,386,29408,2831,2087,7643,214,23281,2011
E07000238,West Midlands,Wychavon,58268,8527,53,862,902,102,396,38727,2940,1051,4465,243,27213,2011
E07000239,West Midlands,Wyre Forest,46339,5143,28,1149,844,202,390,30702,2792,781,4121,187,25992,2011
E07000200,East of England,Babergh,42250,5776,77,1433,915,74,272,27049,1856,820,3783,195,20825,2011
E07000066,East of England,Basildon,83006,6482,556,13425,2757,684,578,45388,4515,1412,6878,331,42789,2011
E06000055,East of England,Bedford,75810,7921,97,3443,3140,319,416,45554,4361,2866,7360,333,37954,2011
E07000067,East of England,Braintree,74200,8511,196,6120,1619,229,446,45715,3540,1070,6468,286,32518,2011
E07000143,East of England,Breckland,61301,7477,47,474,1273,202,498,39923,3679,1574,5852,302,32875,2011
E07000068,East of England,Brentwood,36251,4094,653,8181,644,200,230,18041,1190,320,2550,148,16708,2011
E07000144,East of England,Broadland,61541,6724,62,572,3289,145,814,40878,2918,2390,3320,429,28764,2011
E07000095,East of England,Broxbourne,46222,3904,1145,5469,1340,460,384,27638,2053,593,3033,203,21377,2011
E07000008,East of England,Cambridge,59437,6417,130,2760,3800,188,490,17879,1628,17257,8653,235,38846,2011
E07000069,East of England,Castle Point,41443,3625,162,5624,1430,223,325,24984,1894,631,2352,193,23183,2011
E06000056,East of England,Central Bedfordshire,132061,14781,271,8165,2585,249,831,87245,5891,2058,9554,431,54597,2011
E07000070,East of England,Chelmsford,86451,8857,355,11101,3326,224,577,47511,3552,2486,8173,289,37242,2011
E07000071,East of England,Colchester,85587,8617,174,6424,4824,260,683,46907,4123,3310,9898,367,42975,2011
E07000096,East of England,Dacorum,73437,8844,511,6201,2200,266,487,43992,3264,788,6599,285,30973,2011
E07000009,East of England,East Cambridgeshire,43919,5702,50,2303,706,86,301,28943,2098,1220,2353,157,16795,2011
E07000097,East of England,East Hertfordshire,72225,8672,559,9383,1327,243,406,42056,2507,900,5937,235,27868,2011
E07000072,East of England,Epping Forest,61609,7060,11466,2629,1269,696,582,32030,1931,482,3201,263,29013,2011
E07000010,East of England,Fenland,44514,4683,43,627,893,160,312,28976,2913,2022,3696,189,24744,2011
E07000201,East of England,Forest Heath,31540,3079,25,237,565,109,230,21415,1810,1126,2824,120,12513,2011
E07000145,East of England,Great Yarmouth,41264,3817,31,248,2443,215,415,23861,2704,1689,4895,946,28970,2011
E07000073,East of England,Harlow,40401,2778,1181,1679,2122,408,282,23976,2720,1018,4084,153,18268,2011
E07000098,East of England,Hertsmere,49428,6104,2332,5809,2248,356,399,26471,1630,494,3387,198,22083,2011
E07000011,East of England,Huntingdonshire,88991,10153,113,3169,2191,252,568,57545,4400,3164,7149,287,36355,2011
E07000202,East of England,Ipswich,65479,4674,57,1538,4974,224,713,35092,4455,3009,10488,255,31688,2011
E07000146,East of England,King`s Lynn and West Norfolk,67268,7965,112,976,1483,148,480,43255,4004,3155,5356,334,39323,2011
E06000032,East of England,Luton,89201,6171,285,5126,6517,1029,432,49150,7475,1149,11261,606,56007,2011
E07000074,East of England,Maldon,30292,4092,64,2274,465,70,186,19136,1256,548,2072,129,15114,2011
E07000203,East of England,Mid Suffolk,48570,7274,58,1348,708,67,376,31906,2027,1322,3302,182,21503,2011
E07000099,East of England,North Hertfordshire,64990,7594,201,7546,1089,142,387,38039,2753,1216,5801,222,26520,2011
E07000147,East of England,North Norfolk,43183,6822,73,512,833,129,354,26496,2059,1208,4354,343,29270,2011
E07000148,East of England,Norwich,62424,4781,80,715,4959,288,693,27585,3200,5464,14307,352,38278,2011
E06000031,East of England,Peterborough,88044,7158,92,2080,6434,537,610,50718,7489,4990,7506,430,44274,2011
E07000075,East of England,Rochford,40662,4056,111,6282,1313,152,306,24053,1694,498,2059,138,19763,2011
E07000012,East of England,South Cambridgeshire,79139,10476,118,2742,3395,113,774,47888,3039,6026,4297,271,28640,2011
E07000149,East of England,South Norfolk,60333,7820,75,755,2630,133,635,40050,2743,1852,3299,341,29004,2011
E06000033,East of England,Southend-on-Sea,81339,7434,314,12445,4254,377,598,38900,3761,2260,10629,367,43668,2011
E07000100,East of England,St Albans,71378,9221,632,13052,1682,167,438,37230,2118,1185,5422,231,28485,2011
E07000204,East of England,St Edmundsbury,56483,6340,82,582,1385,269,395,35340,3205,1667,7002,216,24485,2011
E07000101,East of England,Stevenage,42738,3184,101,2919,2455,157,353,25980,2615,1038,3768,168,18250,2011
E07000205,East of England,Suffolk Coastal,58257,8232,116,1176,1372,131,634,36718,2428,2629,4566,255,29993,2011
E07000076,East of England,Tendring,54857,6231,104,2726,1250,284,416,33483,2915,1683,5483,282,42193,2011
E07000102,East of England,Three Rivers,43999,5416,4441,2559,960,161,321,25508,1582,532,2376,143,18441,2011
E06000034,East of England,Thurrock,77420,5186,1337,11715,2831,439,784,45376,4136,1078,4230,308,36704,2011
E07000077,East of England,Uttlesford,40772,6217,276,3378,573,112,232,24826,1426,433,3138,161,16314,2011
E07000103,East of England,Watford,47634,4048,2230,4897,2217,195,379,24369,1725,1066,6296,212,18651,2011
E07000206,East of England,Waveney,49181,4967,61,517,1293,237,555,30167,2611,2985,5030,758,32696,2011
E07000104,East of England,Welwyn Hatfield,52981,5452,658,5236,2187,258,385,29264,2442,1363,5561,175,28533,2011
E09000002,London,Barking and Dagenham,75217,4740,16011,9060,9215,334,615,27360,2086,1064,4420,312,52351,2011
E09000003,London,Barnet,170658,20968,43280,9630,19677,676,1777,58404,3460,2368,9551,867,87785,2011
E09000004,London,Bexley,110159,8560,2724,27039,9553,839,1424,49278,3287,1274,5712,469,55755,2011
E09000005,London,Brent,147461,12856,41392,10081,25922,376,1512,38202,2820,3699,9877,724,86265,2011
E09000006,London,Bromley,151368,15799,4816,45418,11115,720,1630,57095,3247,2190,8708,630,71171,2011
E09000007,London,Camden,108966,14366,35908,6783,15476,691,1157,9984,758,6721,16420,702,64867,2011
E09000001,London,City of London,4747,687,879,253,263,40,22,134,11,243,2174,41,1560,2011
E09000008,London,Croydon,172987,15619,10923,41346,24193,544,1471,59655,3903,2115,12296,922,90061,2011
E09000009,London,Ealing,164820,15002,43953,9710,22660,362,1647,51845,3125,4760,10974,782,87944,2011
E09000010,London,Enfield,137622,12362,20636,15909,17728,668,933,55090,3390,1905,8268,733,86402,2011
E09000011,London,Greenwich,117821,9610,17440,26997,18336,513,1221,30825,2204,2669,7110,896,68901,2011
E09000012,London,Hackney,118556,11963,22486,8336,30541,492,1220,12445,877,16389,13187,620,68867,2011
E09000013,London,Hammersmith and Fulham,99618,10416,37734,4269,13395,374,2060,11084,678,7103,11980,525,45934,2011
E09000014,London,Haringey,124296,12465,43784,8754,20959,266,1536,21550,1298,5911,7199,574,68766,2011
E09000015,London,Harrow,113900,11574,27877,7537,9950,354,581,45283,2713,869,6746,416,60851,2011
E09000016,London,Havering,112846,8705,10492,19934,8571,1086,987,51452,3548,998,6584,489,58282,2011
E09000017,London,Hillingdon,130290,11229,16915,5439,15283,422,1035,65349,3949,1892,8300,477,69636,2011
E09000018,London,Hounslow,127032,11139,19249,10139,20424,307,1388,48012,2982,4050,8783,559,63125,2011
E09000019,London,Islington,106765,10122,31009,5934,21595,769,1161,9145,690,9763,16059,518,58384,2011
E09000020,London,Kensington and Chelsea,81387,13510,28615,2448,9725,1555,1598,9546,779,3701,9148,762,44693,2011
E09000021,London,Kingston upon Thames,81957,8942,2814,18195,8347,217,1121,29312,1708,3278,7697,326,37716,2011
E09000022,London,Lambeth,166494,13862,49274,23064,31873,384,2279,19068,1118,12930,11898,744,71236,2011
E09000023,London,Lewisham,136057,11413,19391,37398,22372,371,1359,27910,1729,5164,8227,723,70198,2011
E09000024,London,Merton,104822,9455,24664,18898,10898,253,1333,26977,1644,3409,6845,446,44776,2011
E09000025,London,Newham,132454,8945,51117,15884,16779,310,753,25391,1991,2163,8554,567,96504,2011
E09000026,London,Redbridge,124692,11029,35515,11885,8951,981,739,44111,2813,1356,6722,590,74852,2011
E09000027,London,Richmond upon Thames,99204,13870,10108,20986,7339,219,1574,30298,1289,5849,7202,470,38575,2011
E09000028,London,Southwark,147388,12303,29077,18534,37956,594,1671,17057,1131,10450,17426,1189,77163,2011
E09000029,London,Sutton,97658,8738,5201,17391,8926,468,1399,43228,2726,2019,7184,378,41052,2011
E09000030,London,Tower Hamlets,120873,9046,45880,7225,14314,645,867,12593,990,7785,20672,856,75679,2011
E09000031,London,Waltham Forest,121021,9193,38962,12074,13024,663,1072,32437,2190,3306,7500,600,69957,2011
E09000032,London,Wandsworth,178582,16635,48906,34864,22859,463,3624,23913,1237,12804,12494,783,64951,2011
E09000033,London,Westminster,111179,15542,35632,4936,15789,1513,1270,9626,810,5092,19949,1020,64326,2011
E07000223,South East,Adur,29356,2991,27,2153,1612,89,356,17111,1502,1095,2285,135,14504,2011
E07000224,South East,Arun,67443,8436,86,2972,1622,214,585,41037,4095,2435,5620,341,38628,2011
E07000105,South East,Ashford,57546,7206,90,3591,1481,130,368,34627,3069,1438,5307,239,26706,2011
E07000004,South East,Aylesbury Vale,90724,12152,203,4231,2480,615,454,56902,4014,1474,7840,359,36016,2011
E07000084,South East,Basingstoke and Deane,90122,10042,118,4572,3744,217,545,56324,4332,1886,8015,327,33121,2011
E06000036,South East,Bracknell Forest,61914,6875,109,2858,1201,187,478,41113,2803,1360,4602,328,21202,2011
E06000043,South East,Brighton and Hove,139823,17356,351,13814,18563,486,1035,48846,4754,6635,27242,741,70969,2011
E07000106,South East,Canterbury,65620,7592,176,3252,3197,170,433,36080,3106,1750,9626,238,46247,2011
E07000177,South East,Cherwell,74829,8567,90,2066,3611,278,544,44753,3940,2553,8127,300,28440,2011
E07000225,South East,Chichester,53285,8724,140,2298,1027,125,375,30051,2104,2171,5998,272,27752,2011
E07000005,South East,Chiltern,44785,7188,2707,3315,591,149,275,25580,1607,395,2761,217,20258,2011
E07000226,South East,Crawley,55466,3682,86,4301,5921,286,343,31935,2727,1384,4587,214,21882,2011
E07000107,South East,Dartford,49611,3809,354,8363,2524,293,685,27403,2144,525,3340,171,20877,2011
E07000108,South East,Dover,50396,5191,87,1749,1799,228,427,30887,3017,1041,5654,316,30390,2011
E07000085,South East,East Hampshire,58457,8475,88,2945,770,78,388,37337,2402,962,4713,299,25065,2011
E07000061,South East,Eastbourne,44449,4417,71,2578,2420,276,276,24210,2460,1316,6221,204,26024,2011
E07000086,South East,Eastleigh,65768,6198,47,2489,1909,115,713,44577,3202,1645,4570,303,25814,2011
E07000207,South East,Elmbridge,64730,9879,616,12968,1353,169,735,31638,1644,2001,3417,310,27297,2011
E07000208,South East,Epsom and Ewell,38005,4114,537,7525,1443,198,487,18677,1083,946,2830,165,16165,2011
E07000087,South East,Fareham,56445,5596,44,2049,1063,129,720,38090,2572,2056,3668,458,24753,2011
E07000088,South East,Gosport,40063,2886,21,558,2025,186,948,22740,2049,4283,3863,504,19436,2011
E07000109,South East,Gravesham,47639,3912,205,5053,3125,188,528,27428,2953,449,3591,207,25552,2011
E07000209,South East,Guildford,70021,9154,216,7653,2352,138,522,37853,2478,1766,7615,274,32033,2011
E07000089,South East,Hart,48047,6957,80,3282,546,71,311,31362,1557,936,2753,192,18040,2011
E07000062,South East,Hastings,40671,4386,72,2385,2280,337,384,21379,2612,573,6048,215,25365,2011
E07000090,South East,Havant,55555,4964,38,1586,2518,331,615,36165,3401,1631,4025,281,30692,2011
E07000227,South East,Horsham,66299,9683,96,4512,1142,65,396,40626,2748,1083,5704,244,28019,2011
E06000046,South East,Isle of Wight,59299,7280,103,775,2529,122,989,32299,2737,1771,9463,1231,40448,2011
E07000063,South East,Lewes,45532,6310,69,3426,3514,148,337,24438,1816,781,4510,183,23737,2011
E07000110,South East,Maidstone,78090,9110,113,5073,2881,193,533,47188,3719,914,8093,273,35141,2011
E06000035,South East,Medway,126689,9922,266,10970,5819,418,1379,76721,7615,1419,11643,517,67469,2011
E07000228,South East,Mid Sussex,72229,9459,106,9190,1073,251,453,40567,2802,968,7086,274,28023,2011
E06000042,South East,Milton Keynes,127783,12488,226,5301,7033,1485,647,79279,8058,3599,9117,550,53602,2011
E07000210,South East,Mole Valley,42422,6784,142,5282,595,87,352,23330,1429,770,3471,180,18356,2011
E07000091,South East,New Forest,82993,11249,127,1776,1615,149,766,54271,3690,3074,5693,583,41805,2011
E07000178,South East,Oxford,69807,7287,157,1678,11122,246,476,22648,2195,11915,11735,348,48630,2011
E06000044,South East,Portsmouth,96619,7092,115,3401,7070,983,1106,47951,5623,7008,15568,702,57086,2011
E06000038,South East,Reading,79852,6999,213,7425,8604,244,455,35774,3477,3252,13087,322,36956,2011
E07000211,South East,Reigate and Banstead,71236,8477,338,10390,2039,323,599,39264,2534,1183,5818,271,27937,2011
E07000064,South East,Rother,37583,6336,105,2556,544,92,274,21954,1706,470,3370,176,25278,2011
E07000212,South East,Runnymede,40651,4809,183,3312,740,100,423,24824,1504,1162,3416,178,19142,2011
E07000092,South East,Rushmoor,51087,4529,69,3355,1983,136,425,31467,2619,1413,4779,312,18565,2011
E07000111,South East,Sevenoaks,56015,7654,238,10847,854,192,537,29400,1956,451,3638,248,26083,2011
E07000112,South East,Shepway,48280,5307,91,1835,2296,222,347,28731,2584,866,5704,297,29658,2011
E06000039,South East,Slough,67300,4977,705,4529,4907,432,428,39226,4031,1566,6169,330,33158,2011
E07000006,South East,South Bucks,33117,5211,617,2643,509,97,244,20402,1247,426,1584,137,14685,2011
E07000179,South East,South Oxfordshire,70087,10398,166,3293,2130,90,545,41461,2689,2492,6573,250,26805,2011
E06000045,South East,Southampton,112608,7767,118,3122,10250,475,1186,58619,7383,5138,17826,724,67593,2011
E07000213,South East,Spelthorne,50161,4808,625,3871,2545,111,699,31434,1787,1312,2791,178,19755,2011
E07000214,South East,Surrey Heath,44968,6184,95,2580,823,61,322,29522,1637,764,2691,289,17597,2011
E07000113,South East,Swale,62810,6447,96,4202,1227,227,567,38697,3365,1351,6365,266,35797,2011
E07000215,South East,Tandridge,41813,6448,188,7310,972,109,349,22492,1304,321,2148,172,17644,2011
E07000093,South East,Test Valley,59611,7402,70,1857,1332,233,442,37902,3054,1669,5331,319,25041,2011
E07000114,South East,Thanet,55200,5793,100,2092,3435,344,560,31182,3698,1364,6377,255,39252,2011
E07000115,South East,Tonbridge and Malling,59993,6831,125,7085,1268,147,511,35795,2560,830,4638,203,26442,2011
E07000116,South East,Tunbridge Wells,57234,8021,117,8121,1296,156,346,28420,2200,643,7690,224,24818,2011
E07000180,South East,Vale of White Horse,63181,7808,100,1369,3625,90,622,37672,2604,3907,5157,227,24296,2011
E07000216,South East,Waverley,59178,9954,151,6402,980,72,404,33448,2183,876,4439,269,26439,2011
E07000065,South East,Wealden,71084,11746,144,4742,1383,139,411,43864,2986,686,4673,310,34795,2011
E06000037,South East,West Berkshire,81679,10689,116,3791,2918,151,494,50622,3904,2064,6644,286,30375,2011
E07000181,South East,West Oxfordshire,56515,7665,81,969,2398,85,482,34837,2525,2234,5038,201,19648,2011
E07000094,South East,Winchester,57318,8633,111,3134,1625,87,427,33027,2086,1103,6744,341,27177,2011
E06000040,South East,Windsor and Maidenhead,73951,10898,335,6374,984,298,511,43781,2549,1684,6131,406,30296,2011
E07000217,South East,Woking,51341,5842,180,7922,1159,171,386,28095,1875,1339,4181,191,20381,2011
E06000041,South East,Wokingham,81377,10842,153,5568,2652,138,511,52016,2800,1943,4456,298,30896,2011
E07000229,South East,Worthing,50611,5271,59,3149,1563,156,479,27755,2553,2545,6875,206,23727,2011
E07000007,South East,Wycombe,86350,11425,554,4138,3353,283,529,53695,3778,1094,7163,338,37838,2011
E06000022,South West,Bath and North East Somerset,84858,10624,118,2882,5380,197,876,44498,3813,2451,13636,383,45692,2011
E06000028,South West,Bournemouth,89186,9111,135,1467,7685,290,989,49577,4396,4169,10919,448,48388,2011
E06000023,South West,"Bristol, City of",209995,17841,272,3931,19830,575,2330,99695,10039,15768,38832,882,111511,2011
E07000078,South West,Cheltenham,59183,6074,90,825,3304,101,418,31175,2786,3805,10390,215,26907,2011
E07000048,South West,Christchurch,20301,2530,19,419,733,44,240,12820,924,979,1504,89,12344,2011
E06000052,South West,Cornwall,244527,38596,208,2320,5812,667,2782,147102,12480,3777,28952,1831,144331,2011
E07000079,South West,Cotswold,41529,7995,146,617,501,69,268,24532,1785,829,4574,213,18546,2011
E07000040,South West,East Devon,59908,10081,77,1399,1541,145,615,34845,2792,1286,6647,480,32874,2011
E07000049,South West,East Dorset,40050,5926,52,227,637,52,434,28091,1670,957,1821,183,20997,2011
E07000041,South West,Exeter,57139,4825,52,1089,5179,195,695,25758,2979,3542,12621,204,32405,2011
E07000080,South West,Forest of Dean,39068,5459,26,334,884,43,391,26174,2144,446,2996,171,21273,2011
E07000081,South West,Gloucester,61374,4379,46,397,4513,110,666,37779,3558,3035,6676,215,27568,2011
E06000053,South West,Isles of Scilly,1311,428,0,1,8,1,34,246,25,186,341,41,311,2011
E07000187,South West,Mendip,53845,8580,77,429,979,109,398,32939,2582,1166,6365,221,24808,2011
E07000042,South West,Mid Devon,38508,6773,39,323,1102,47,360,23069,1922,694,3994,185,17339,2011
E07000043,South West,North Devon,44754,7582,34,174,1496,123,424,23654,2199,1524,7303,241,22753,2011
E07000050,South West,North Dorset,33432,5280,63,397,360,55,234,20463,1460,664,4289,167,15708,2011
E06000024,South West,North Somerset,97563,11734,98,2234,2885,349,954,62805,5002,2646,8460,396,47789,2011
E06000026,South West,Plymouth,117466,7898,66,641,12991,743,2256,65103,7110,3055,16592,1011,74320,2011
E06000029,South West,Poole,71709,7451,104,1074,3740,154,1037,43785,3735,3393,6859,377,34682,2011
E07000051,South West,Purbeck,21419,3125,27,398,377,36,274,13050,1013,614,2351,154,10960,2011
E07000188,South West,Sedgemoor,54540,7155,35,394,772,98,549,34835,2897,2469,5116,220,28363,2011
E06000025,South West,South Gloucestershire,136531,12787,95,1621,6645,212,1874,90569,6809,5284,10187,448,55937,2011
E07000044,South West,South Hams,39999,7824,65,516,873,70,441,22988,1682,506,4632,402,20618,2011
E07000189,South West,South Somerset,78771,10536,111,451,1067,135,760,48980,4160,2203,10034,334,37019,2011
E07000082,South West,Stroud,57342,8194,74,749,1212,72,487,37822,2843,1197,4491,201,24613,2011
E06000030,South West,Swindon,109499,8849,84,1359,9164,472,1163,66389,6613,4592,10395,419,44581,2011
E07000190,South West,Taunton Deane,54244,6661,57,597,1216,93,637,30563,2816,3433,7918,253,24677,2011
E07000045,South West,Teignbridge,58962,8611,51,1276,1570,111,627,36612,2976,952,5929,247,30509,2011
E07000083,South West,Tewkesbury,41544,5205,33,261,1860,29,452,26859,1859,1778,3068,140,18141,2011
E06000027,South West,Torbay,56912,6853,31,525,2469,316,864,32974,3370,779,8413,318,37088,2011
E07000046,South West,Torridge,29402,5830,16,87,842,65,260,16961,1470,365,3348,158,17108,2011
E07000047,South West,West Devon,25241,5245,31,162,556,83,185,14580,1103,271,2856,169,13700,2011
E07000052,South West,West Dorset,45714,8174,93,498,752,123,406,25865,1969,1087,6487,260,24645,2011
E07000191,South West,West Somerset,15355,3885,17,72,314,33,99,7717,642,371,2123,82,9563,2011
E07000053,South West,Weymouth and Portland,29987,2987,23,371,2063,104,489,16928,1684,1001,4105,232,17884,2011
E06000054,South West,Wiltshire,239216,32701,352,5865,6270,522,1894,145883,11356,6638,26680,1055,100379,2011
W06000001,Wales,Anglesey,30431,4026,20,199,795,100,217,20136,1779,453,2465,241,20387,2011
W06000019,Wales,Blaenau Gwent,28291,1660,16,217,855,154,149,19640,2778,134,2574,114,23518,2011
W06000013,Wales,Bridgend,61259,4813,46,1474,1722,364,313,42315,4470,503,4967,272,41546,2011
W06000018,Wales,Caerphilly,77488,5347,40,2950,2971,302,411,53239,6004,475,5469,280,53462,2011
W06000015,Wales,Cardiff,159614,11998,196,5197,15947,675,655,86767,8003,5791,23644,741,100654,2011
W06000010,Wales,Carmarthenshire,80680,11630,58,778,1630,206,422,53340,5247,615,6369,385,52250,2011
W06000008,Wales,Ceredigion,32446,6780,32,125,910,98,148,17917,1652,361,4266,157,24959,2011
W06000003,Wales,Conwy,50093,6743,37,545,2130,221,273,31488,2733,645,4954,324,31813,2011
W06000004,Wales,Denbighshire,41156,5136,26,429,1366,245,194,25901,2625,633,4395,206,26520,2011
W06000005,Wales,Flintshire,74049,6577,44,640,2894,319,522,51486,4848,1294,5079,346,38276,2011
W06000002,Wales,Gwynedd,53961,8546,34,352,2379,105,264,31511,3071,677,6724,298,34952,2011
W06000024,Wales,Merthyr Tydfil,25099,1680,24,460,1724,209,77,15788,2620,80,2333,104,18278,2011
W06000021,Wales,Monmouthshire,42817,6619,61,857,563,88,341,27602,2221,483,3792,190,23290,2011
W06000012,Wales,Neath Port Talbot,58980,4081,35,973,1948,254,455,41127,4529,755,4539,284,44006,2011
W06000022,Wales,Newport,64408,4728,58,1312,5009,419,430,40943,4643,921,5652,293,40733,2011
W06000009,Wales,Pembrokeshire,54217,9395,41,214,1564,195,350,33210,3323,435,5106,384,33832,2011
W06000023,Wales,Powys,63653,13621,54,364,667,115,218,37419,2920,843,7097,335,32416,2011
W06000016,Wales,"Rhondda, Cynon, Taff",99327,6778,61,4114,3932,217,445,67154,7995,441,7836,354,72720,2011
W06000011,Wales,Swansea,102793,8228,100,883,5791,636,610,66912,7585,1485,9997,566,74178,2011
W06000014,Wales,The Vale of Glamorgan,58978,5886,83,3450,1681,251,328,38079,3177,998,4701,344,32838,2011
W06000020,Wales,Torfaen,40261,2582,30,475,1892,308,301,28057,3074,326,3089,127,25846,2011
W06000006,Wales,Wrexham,63614,5324,37,496,3361,424,397,42179,5187,808,5128,273,35077,2011
