geography code,Region,LA,All usual residents,Age 0 to 4,Age 5 to 7,Age 8 to 9,Age 10 to 14,Age 15,Age 16 to 17,Age 18 to 19,Age 20 to 24,Age 25 to 29,Age 30 to 44,Age 45 to 59,Age 60 to 64,Age 65 to 74,Age 75 to 84,Age 85 to 89,Age 90 and over
E06000047,North East,County Durham,"493,470","26,235","17,479","12,757","31,497","6,450","12,223","13,391","28,784","27,573","109,688","99,077","26,770","45,049","28,058","5,685","2,754"
E06000005,North East,Darlington,"97,838","5,696","3,713","2,585","6,526","1,275","2,475","2,103","4,829","5,826","21,901","19,120","5,133","8,695","5,975","1,319",667
E08000020,North East,Gateshead,"191,151","10,745","6,772","4,847","12,172","2,401","4,844","4,527","10,119","11,502","43,400","36,123","10,555","18,571","11,278","2,258","1,037"
E06000001,North East,Hartlepool,"88,611","5,297","3,695","2,526","6,458","1,297","2,550","2,063","4,557","4,864","19,703","16,558","4,664","8,260","4,839",866,414
E06000002,North East,Middlesbrough,"134,855","8,310","5,551","3,857","10,123","2,175","4,105","4,079","9,245","8,172","29,186","23,621","6,318","11,386","6,856","1,285",586
E08000021,North East,Newcastle upon Tyne,"259,536","14,252","8,998","6,352","15,951","3,144","6,037","9,130","24,814","18,300","56,214","43,311","11,663","21,689","14,797","3,342","1,542"
E08000022,North East,North Tyneside,"191,659","10,373","6,791","4,847","12,355","2,413","4,633","4,007","9,749","11,373","43,100","37,851","9,883","18,376","12,226","2,406","1,276"
E06000048,North East,Northumberland,"307,190","15,803","10,498","7,765","19,844","3,995","7,990","6,605","14,220","15,774","66,535","66,886","17,237","29,432","18,722","3,972","1,912"
E06000003,North East,Redcar and Cleveland,"139,132","7,532","5,292","3,899","9,776","2,039","3,925","3,183","7,036","7,393","29,681","28,095","8,014","12,718","8,194","1,632",723
E08000023,North East,South Tyneside,"152,785","8,441","5,670","4,038","10,670","2,230","3,945","3,580","8,072","8,797","33,819","28,233","8,044","14,818","9,881","1,729",818
E06000004,North East,Stockton-on-Tees,"178,408","10,326","6,841","5,062","12,815","2,657","5,144","4,175","9,857","10,753","41,329","34,283","8,673","15,141","8,896","1,688",768
E08000024,North East,Sunderland,"280,807","15,434","10,144","7,465","19,247","3,923","7,510","7,811","18,552","17,860","61,865","52,842","14,378","25,410","14,303","2,744","1,319"
E07000026,North West,Allerdale,"93,492","4,799","3,341","2,387","5,891","1,181","2,283","1,907","4,189","5,012","20,086","19,902","5,443","9,240","5,939","1,230",662
E07000027,North West,Barrow-in-Furness,"71,980","4,125","2,842","2,030","5,021",975,"1,814","1,572","3,263","4,248","15,796","14,232","4,047","6,256","4,385",955,419
E06000008,North West,Blackburn with Darwen,"137,470","10,555","6,517","4,391","11,035","2,185","4,059","3,640","8,266","9,313","29,789","23,555","5,856","9,844","6,339","1,428",698
E06000009,North West,Blackpool,"142,283","7,802","4,928","3,483","8,874","1,785","3,219","2,942","6,843","8,088","30,172","27,806","8,484","14,232","10,081","2,349","1,195"
E08000001,North West,Bolton,"261,037","16,779","10,390","7,426","18,380","3,773","7,087","6,006","14,823","17,481","57,714","49,573","12,667","20,395","14,055","3,043","1,445"
E07000117,North West,Burnley,"89,542","5,621","3,613","2,802","6,952","1,403","2,573","2,052","4,842","5,514","19,495","16,956","4,166","7,019","4,874","1,083",577
E08000002,North West,Bury,"180,608","11,117","7,039","5,183","13,076","2,539","4,800","3,862","8,939","11,427","41,564","35,426","8,982","14,330","9,050","2,158","1,116"
E07000028,North West,Carlisle,"100,739","5,261","3,489","2,620","6,339","1,272","2,598","2,219","5,348","6,099","22,164","19,897","5,414","9,674","6,273","1,379",693
E06000049,North West,Cheshire East,"351,817","19,605","12,932","9,082","22,540","4,385","8,621","7,045","15,900","19,461","79,068","74,474","19,164","31,724","20,626","4,764","2,426"
E06000050,North West,Cheshire West and Chester,"321,971","18,358","11,830","8,625","21,283","4,135","8,018","6,928","16,208","19,274","72,179","65,036","17,297","28,728","18,137","3,949","1,986"
E07000118,North West,Chorley,"100,449","5,517","3,691","2,626","6,729","1,328","2,618","2,116","5,077","6,369","23,246","21,711","5,179","7,702","4,844","1,100",596
E07000029,North West,Copeland,"69,318","3,724","2,476","1,801","4,744",927,"1,796","1,544","3,315","3,951","15,788","13,944","3,919","6,430","3,872",727,360
E07000030,North West,Eden,"49,777","2,597","1,643","1,205","2,991",601,"1,174",926,"2,063","2,559","10,842","10,909","2,972","5,121","3,058",693,423
E07000119,North West,Fylde,"73,217","3,544","2,287","1,692","4,420",883,"1,616","1,330","2,942","3,450","15,292","14,852","4,231","8,397","6,049","1,472",760
E06000006,North West,Halton,"118,208","7,160","4,491","3,396","8,782","1,815","3,536","3,037","6,849","7,649","26,185","23,818","5,486","9,085","5,405","1,045",469
E07000120,North West,Hyndburn,"81,496","5,431","3,665","2,550","5,812","1,163","2,174","1,765","4,306","5,238","17,965","15,118","4,018","6,373","4,411","1,054",453
E08000011,North West,Knowsley,"150,459","9,454","6,266","4,616","11,728","2,453","4,887","3,720","8,008","8,775","35,174","25,666","7,416","13,684","6,856","1,221",535
E07000121,North West,Lancaster,"133,914","7,302","4,479","3,212","8,335","1,602","3,353","5,364","11,096","7,496","27,029","24,223","6,595","12,209","8,368","2,115","1,136"
E08000012,North West,Liverpool,"439,473","24,840","15,325","11,345","30,771","6,224","12,252","15,150","37,112","29,194","95,196","74,011","20,895","37,694","22,277","4,925","2,262"
E08000003,North West,Manchester,"392,819","24,693","14,993","10,557","27,449","5,096","9,680","14,790","44,882","33,410","83,473","56,240","15,550","26,969","18,719","4,319","1,999"
E08000004,North West,Oldham,"217,273","15,196","9,084","6,518","15,950","3,244","6,186","5,053","11,911","13,694","47,703","40,883","10,819","16,353","10,971","2,521","1,187"
E07000122,North West,Pendle,"89,248","5,936","3,602","2,640","6,703","1,410","2,652","2,133","4,940","5,372","18,764","17,283","4,085","7,115","4,888","1,099",626
E07000123,North West,Preston,"129,633","7,832","5,003","3,554","8,885","1,756","3,553","4,283","10,061","9,402","28,383","22,078","5,894","10,252","6,622","1,351",724
E07000124,North West,Ribble Valley,"53,960","2,948","1,877","1,377","3,692",749,"1,433","1,077","2,153","2,631","11,943","11,724","3,067","4,977","3,142",740,430
E08000005,North West,Rochdale,"205,357","13,771","8,536","6,150","15,472","2,952","5,880","4,892","11,237","13,150","45,485","39,061","9,362","16,001","10,143","2,164","1,101"
E07000125,North West,Rossendale,"65,652","4,072","2,726","2,016","4,948",900,"1,751","1,409","3,179","3,979","14,854","13,330","3,046","5,096","3,277",735,334
E08000006,North West,Salford,"216,103","12,529","8,173","5,989","14,413","3,067","5,529","6,063","15,131","14,615","47,371","37,582","10,521","18,564","12,620","2,634","1,302"
E08000014,North West,Sefton,"282,958","14,896","10,448","7,949","19,995","3,833","7,932","6,399","12,827","14,168","60,506","54,463","16,002","28,887","18,244","4,186","2,223"
E07000031,North West,South Lakeland,"102,301","4,801","3,184","2,353","5,992","1,319","2,391","1,967","4,226","4,965","20,978","22,213","6,371","11,116","7,549","1,856","1,020"
E07000126,North West,South Ribble,"103,867","5,649","3,767","2,811","7,362","1,388","2,738","2,220","5,000","6,203","23,446","21,605","5,510","8,878","5,526","1,199",565
E08000013,North West,St. Helens,"176,843","10,083","6,860","5,105","12,210","2,339","4,716","4,091","9,203","10,823","38,884","35,256","9,692","15,542","9,325","1,878",836
E08000007,North West,Stockport,"284,528","16,457","10,570","7,561","19,501","3,710","7,166","5,904","13,254","16,668","65,700","56,165","14,861","25,094","16,269","3,824","1,824"
E08000008,North West,Tameside,"213,043","12,803","8,302","6,024","15,461","2,979","5,619","4,827","11,169","13,396","49,825","40,301","10,507","16,669","11,424","2,554","1,183"
E08000009,North West,Trafford,"210,145","11,971","7,680","5,729","14,209","2,901","5,591","4,467","10,581","13,422","49,577","39,653","10,261","17,893","12,191","2,686","1,333"
E06000007,North West,Warrington,"191,080","11,677","7,366","5,206","13,067","2,495","4,910","4,274","9,763","11,852","46,131","37,502","9,798","14,824","9,316","1,964",935
E07000127,North West,West Lancashire,"108,378","6,127","4,016","2,949","7,411","1,521","2,894","2,775","5,784","5,875","23,234","22,635","6,233","9,553","5,481","1,272",618
E08000010,North West,Wigan,"301,415","17,561","11,502","8,434","20,364","3,940","7,826","6,906","16,140","19,880","68,815","60,672","15,939","24,018","15,091","3,068","1,259"
E08000015,North West,Wirral,"312,293","17,475","11,772","8,430","22,474","4,397","9,045","6,951","14,321","16,625","65,762","62,083","16,384","29,842","19,736","4,760","2,236"
E07000128,North West,Wyre,"105,618","5,321","3,521","2,634","6,964","1,286","2,724","2,294","4,174","4,907","21,010","20,769","6,593","12,414","8,290","1,792",925
E08000016,Yorkshire and The Humber,Barnsley,"218,063","12,516","8,532","6,028","14,536","2,720","5,533","4,969","10,622","13,073","50,076","42,864","11,286","19,146","12,414","2,525","1,223"
E08000032,Yorkshire and The Humber,Bradford,"467,665","33,240","20,593","14,056","34,571","6,867","13,750","12,673","31,882","30,528","100,214","80,774","20,856","36,101","23,270","5,474","2,816"
E08000033,Yorkshire and The Humber,Calderdale,"192,405","12,065","7,569","5,423","13,419","2,516","5,021","4,036","9,124","11,692","44,017","38,277","9,244","15,320","10,842","2,619","1,221"
E07000163,Yorkshire and The Humber,Craven,"53,620","2,685","1,791","1,338","3,627",676,"1,406",998,"2,001","2,490","10,999","11,660","3,093","5,499","3,840",998,519
E08000017,Yorkshire and The Humber,Doncaster,"286,866","16,876","11,125","7,830","20,094","4,047","7,596","6,671","14,814","16,710","64,179","55,289","14,694","26,058","16,251","3,199","1,433"
E06000011,Yorkshire and The Humber,East Riding of Yorkshire,"314,113","16,034","10,876","7,862","20,208","4,068","7,774","7,347","13,455","15,770","66,382","68,211","18,291","31,294","19,680","4,561","2,300"
E07000164,Yorkshire and The Humber,Hambleton,"84,111","4,421","3,045","2,155","5,547","1,010","1,963","1,674","3,397","3,992","18,631","18,549","5,040","8,029","4,994","1,092",572
E07000165,Yorkshire and The Humber,Harrogate,"151,336","8,197","5,543","3,802","9,766","1,894","4,673","2,928","6,901","8,409","34,402","30,386","8,089","13,437","9,099","2,445","1,365"
E06000010,Yorkshire and The Humber,"Kingston upon Hull, City of","243,589","15,009","9,959","6,992","17,373","3,383","6,331","6,641","18,080","16,773","53,227","41,380","11,104","20,268","12,916","2,870","1,283"
E08000034,Yorkshire and The Humber,Kirklees,"388,567","25,544","15,512","10,677","27,070","5,162","10,186","10,045","23,523","25,434","86,494","74,104","17,972","29,843","20,116","4,564","2,321"
E08000035,Yorkshire and The Humber,Leeds,"715,402","40,871","26,598","18,555","47,970","9,097","17,299","22,140","58,167","50,814","157,259","123,917","33,157","57,726","38,256","8,972","4,604"
E06000012,Yorkshire and The Humber,North East Lincolnshire,"157,979","9,649","6,321","4,566","12,026","2,317","4,390","3,673","7,696","9,200","34,357","29,516","8,153","13,940","9,128","2,034","1,013"
E06000013,Yorkshire and The Humber,North Lincolnshire,"152,849","8,596","5,728","4,122","10,403","2,094","3,985","3,270","7,161","8,209","33,817","31,555","8,209","13,950","9,006","1,859",885
E07000166,Yorkshire and The Humber,Richmondshire,"47,010","2,855","1,714","1,131","2,999",502,"1,385","1,552","2,922","3,160","10,272","8,925","2,437","3,904","2,386",583,283
E08000018,Yorkshire and The Humber,Rotherham,"248,175","15,008","9,694","6,956","17,206","3,367","6,439","5,625","12,650","14,677","56,193","48,708","12,995","21,042","13,531","2,837","1,247"
E07000167,Yorkshire and The Humber,Ryedale,"50,872","2,455","1,757","1,198","3,358",686,"1,282",918,"1,816","2,404","10,263","11,159","3,187","5,507","3,555",885,442
E07000168,Yorkshire and The Humber,Scarborough,"106,243","5,058","3,401","2,566","7,010","1,364","2,597","2,141","4,782","5,188","20,502","22,383","6,503","11,439","8,190","2,029","1,090"
E07000169,Yorkshire and The Humber,Selby,"76,468","4,250","2,939","2,118","5,660","1,010","2,037","1,506","3,171","4,238","18,177","16,365","3,734","6,081","3,845",899,438
E08000019,Yorkshire and The Humber,Sheffield,"513,234","29,232","18,575","12,912","31,352","5,898","11,417","15,911","41,347","34,556","112,382","90,415","25,181","42,934","30,483","7,206","3,433"
E08000036,Yorkshire and The Humber,Wakefield,"315,172","18,097","11,960","8,657","21,690","4,360","8,070","7,134","16,197","19,619","72,908","62,074","15,774","26,375","17,256","3,487","1,514"
E06000014,Yorkshire and The Humber,York,"181,094","9,372","5,752","4,026","10,602","2,039","4,147","5,777","14,198","12,119","39,920","33,681","8,901","15,804","11,032","2,459","1,265"
E07000032,East Midlands,Amber Valley,"116,471","6,482","4,305","3,012","7,462","1,419","2,686","2,368","5,210","7,000","26,220","24,812","6,024","10,039","7,088","1,542",802
E07000170,East Midlands,Ashfield,"111,387","6,531","4,213","2,911","7,455","1,399","2,680","2,391","5,881","6,918","25,703","22,056","5,781","9,164","6,413","1,245",646
E07000171,East Midlands,Bassetlaw,"107,713","6,047","3,954","2,855","7,206","1,421","2,812","2,198","5,134","6,013","24,478","22,349","5,750","9,591","6,004","1,283",618
E07000129,East Midlands,Blaby,"90,252","5,208","3,431","2,386","5,930","1,138","2,159","2,097","4,227","5,470","21,576","18,314","4,669","7,696","4,527",973,451
E07000033,East Midlands,Bolsover,"71,766","4,041","2,709","1,880","4,695",899,"1,764","1,466","3,332","4,362","16,411","14,041","3,709","6,668","4,503",895,391
E07000136,East Midlands,Boston,"55,750","2,969","1,935","1,379","3,475",657,"1,375","1,220","2,603","3,159","11,255","11,561","3,266","5,839","3,738",863,456
E07000172,East Midlands,Broxtowe,"107,570","5,540","3,755","2,740","6,949","1,250","2,504","2,156","5,947","6,792","24,859","21,880","5,586","9,463","6,179","1,376",594
E07000130,East Midlands,Charnwood,"153,462","8,172","5,382","3,947","9,896","1,847","3,805","5,811","12,548","9,119","32,873","30,061","7,113","12,398","7,671","1,910",909
E07000034,East Midlands,Chesterfield,"98,845","5,406","3,697","2,567","6,190","1,161","2,350","2,052","4,843","6,051","22,327","19,735","4,994","8,938","6,539","1,369",626
E07000150,East Midlands,Corby,"53,174","3,292","2,093","1,658","4,156",822,"1,527","1,310","2,792","3,004","12,581","9,832","2,735","4,267","2,505",437,163
E07000151,East Midlands,Daventry,"71,838","4,295","2,923","2,075","5,180",946,"1,784","1,615","3,141","3,882","17,184","15,692","3,476","5,315","3,323",678,329
E06000015,East Midlands,Derby,"221,708","13,645","8,545","6,228","15,242","2,960","5,717","6,017","15,110","15,334","48,644","38,115","10,241","18,978","12,848","2,796","1,288"
E07000035,East Midlands,Derbyshire Dales,"69,469","3,478","2,316","1,678","4,392",826,"1,679","1,230","2,702","3,119","14,743","16,087","4,069","6,806","4,655","1,124",565
E07000137,East Midlands,East Lindsey,"130,447","6,120","4,194","2,907","8,301","1,616","3,017","2,611","5,413","5,811","24,541","28,150","8,793","15,869","10,008","2,066","1,030"
E07000152,East Midlands,East Northamptonshire,"76,550","4,763","3,010","2,038","5,314","1,081","2,058","1,655","3,430","4,493","17,706","15,975","3,623","5,864","4,034",988,518
E07000036,East Midlands,Erewash,"110,099","6,289","4,258","3,093","7,495","1,409","2,649","2,254","5,338","7,088","25,700","21,686","5,414","9,166","6,143","1,399",718
E07000173,East Midlands,Gedling,"111,787","5,877","3,862","2,817","7,345","1,351","2,766","2,312","5,279","6,570","25,479","23,363","5,857","10,094","6,579","1,463",773
E07000131,East Midlands,Harborough,"76,559","4,590","2,886","1,998","5,040",912,"1,795","1,580","3,203","3,884","18,039","16,745","3,915","6,426","4,165",932,449
E07000037,East Midlands,High Peak,"89,433","5,315","3,304","2,460","6,213","1,157","2,277","1,764","3,951","4,790","21,268","18,589","4,533","7,272","4,787","1,166",587
E07000132,East Midlands,Hinckley and Bosworth,"100,141","5,536","3,519","2,393","6,426","1,216","2,501","2,126","4,888","5,707","22,623","22,018","5,146","8,613","5,546","1,280",603
E07000153,East Midlands,Kettering,"81,844","4,900","3,136","2,219","5,533","1,016","1,990","1,695","4,220","5,540","18,650","16,465","3,768","6,375","4,681","1,092",564
E06000016,East Midlands,Leicester,"279,921","19,119","11,727","7,758","19,752","4,029","7,724","8,844","26,104","21,532","60,847","43,509","11,129","19,233","13,728","3,234","1,652"
E07000138,East Midlands,Lincoln,"85,595","5,059","3,146","2,171","5,756","1,084","2,116","2,772","7,482","6,040","18,704","14,415","3,673","6,553","5,131",991,502
E07000174,East Midlands,Mansfield,"98,181","5,364","3,761","2,813","6,966","1,336","2,574","2,261","5,149","5,633","22,256","19,019","4,986","8,632","5,769","1,142",520
E07000133,East Midlands,Melton,"47,866","2,785","1,820","1,231","3,091",570,"1,130",982,"2,200","2,433","11,148","10,300","2,470","4,015","2,798",610,283
E07000175,East Midlands,Newark and Sherwood,"106,273","5,917","4,001","2,795","7,192","1,324","2,680","2,139","4,832","5,664","23,422","22,143","5,753","9,782","6,578","1,391",660
E07000038,East Midlands,North East Derbyshire,"96,940","4,714","3,458","2,458","6,044","1,192","2,449","1,961","4,430","5,020","20,831","21,484","5,584","9,338","6,256","1,195",526
E07000139,East Midlands,North Kesteven,"94,024","5,136","3,418","2,423","6,122","1,131","2,195","1,806","3,990","4,960","21,063","19,166","5,484","9,308","6,009","1,246",567
E07000134,East Midlands,North West Leicestershire,"85,503","5,034","3,081","2,212","5,488","1,058","1,960","1,671","4,077","5,124","19,687","18,135","4,329","7,175","4,995","1,045",432
E07000154,East Midlands,Northampton,"194,458","12,182","7,414","5,223","13,189","2,585","4,934","5,286","13,800","14,701","45,320","35,287","8,022","13,631","9,671","2,122","1,091"
E06000018,East Midlands,Nottingham,"266,988","15,457","9,630","6,930","17,632","3,218","6,294","11,455","30,571","20,595","57,292","38,880","10,544","20,157","13,918","2,993","1,422"
E07000135,East Midlands,Oadby and Wigston,"55,795","2,907","2,039","1,469","3,864",800,"1,402","2,170","2,970","2,933","11,999","10,719","2,977","5,352","3,158",657,379
E07000176,East Midlands,Rushcliffe,"105,599","5,915","3,906","2,731","6,705","1,276","2,391","2,207","5,648","6,009","24,600","21,954","5,137","8,968","5,943","1,443",766
E06000017,East Midlands,Rutland,"34,563","1,797","1,156",775,"2,348",556,"1,167",898,"1,669","1,873","7,349","7,262","1,956","3,103","1,929",475,250
E07000039,East Midlands,South Derbyshire,"81,562","4,976","3,090","2,154","5,493","1,075","2,167","1,597","3,923","5,079","19,380","16,867","3,902","6,396","4,188",870,405
E07000140,East Midlands,South Holland,"76,522","3,785","2,617","1,725","4,684",865,"1,684","1,372","3,157","3,942","15,280","16,008","4,835","9,229","5,596","1,176",567
E07000141,East Midlands,South Kesteven,"124,792","7,083","4,810","3,344","8,742","1,624","3,336","2,716","5,740","6,695","27,990","25,936","6,242","10,728","7,526","1,549",731
E07000155,East Midlands,South Northamptonshire,"79,293","4,759","3,085","2,263","5,720","1,004","2,033","1,521","3,227","3,927","19,359","17,681","3,772","5,925","3,711",858,448
E07000156,East Midlands,Wellingborough,"72,519","4,540","2,905","1,990","5,011",986,"1,832","1,537","3,741","4,542","16,424","14,721","3,554","5,713","3,806",828,389
E07000142,East Midlands,West Lindsey,"79,515","3,988","2,915","2,102","5,640","1,046","2,062","1,694","3,199","3,559","16,620","17,571","4,621","7,917","4,992","1,070",519
E08000025,West Midlands,Birmingham,"977,087","70,007","42,015","28,924","74,039","13,964","27,317","31,050","74,152","68,463","208,341","154,589","42,270","73,877","51,014","11,695","5,370"
E07000234,West Midlands,Bromsgrove,"87,837","4,547","3,149","2,233","5,961","1,089","2,133","1,667","3,807","4,292","19,547","19,352","4,914","8,111","5,153","1,234",648
E07000192,West Midlands,Cannock Chase,"92,126","5,833","3,561","2,475","6,434","1,245","2,416","2,089","4,765","6,271","21,960","17,973","4,472","7,192","4,284",781,375
E08000026,West Midlands,Coventry,"300,848","18,746","11,855","8,112","20,930","4,031","7,953","10,210","24,204","20,935","64,199","49,874","13,844","23,614","17,103","3,627","1,611"
E08000027,West Midlands,Dudley,"305,155","17,476","11,465","7,962","20,055","3,873","7,494","6,505","15,788","18,554","67,573","60,669","16,898","28,244","17,348","3,640","1,611"
E07000193,West Midlands,East Staffordshire,"103,770","6,292","4,173","2,887","7,301","1,356","2,752","2,220","4,876","6,167","24,016","20,168","5,238","9,005","5,454","1,234",631
E06000019,West Midlands,"Herefordshire, County of","174,871","9,491","6,226","4,544","11,566","2,257","4,113","3,421","7,050","9,029","36,746","36,857","9,988","17,620","12,009","2,640","1,314"
E07000194,West Midlands,Lichfield,"93,232","5,033","3,314","2,443","6,118","1,235","2,307","1,987","4,170","4,924","20,180","21,409","5,675","7,986","4,817","1,078",556
E07000235,West Midlands,Malvern Hills,"72,172","3,389","2,345","1,704","4,740","1,011","2,056","1,553","2,757","3,017","14,012","16,122","4,421","7,560","5,412","1,378",695
E07000195,West Midlands,Newcastle-under-Lyme,"122,030","6,408","4,034","2,952","7,806","1,518","2,955","3,546","8,177","7,217","26,177","24,204","6,404","11,132","7,283","1,536",681
E07000218,West Midlands,North Warwickshire,"61,860","3,490","2,204","1,610","4,173",822,"1,533","1,211","2,958","3,610","14,227","13,475","3,258","5,204","3,134",645,306
E07000219,West Midlands,Nuneaton and Bedworth,"119,132","7,061","4,750","3,262","8,443","1,608","3,083","2,601","6,343","7,412","26,974","24,019","5,899","9,848","6,121","1,183",525
E07000236,West Midlands,Redditch,"78,807","5,031","3,115","2,142","5,599","1,065","2,159","1,993","4,908","5,461","17,820","16,697","3,181","5,151","3,444",715,326
E07000220,West Midlands,Rugby,"87,453","5,187","3,270","2,297","5,676","1,216","2,387","1,842","4,187","5,237","19,867","17,694","4,543","7,272","5,068","1,171",539
E08000028,West Midlands,Sandwell,"282,904","18,163","11,423","8,306","19,805","3,862","7,504","6,699","15,604","19,263","62,596","48,866","14,242","24,861","16,855","3,363","1,492"
E06000051,West Midlands,Shropshire,"283,173","15,208","9,885","6,918","18,317","3,682","7,481","6,658","12,907","15,465","60,010","59,294","16,154","27,100","17,883","4,100","2,111"
E08000029,West Midlands,Solihull,"199,517","11,196","7,817","5,647","14,441","2,708","5,339","4,205","8,890","10,150","43,712","41,565","10,264","18,312","11,686","2,432","1,153"
E07000196,West Midlands,South Staffordshire,"105,896","5,417","3,643","2,736","7,111","1,434","2,777","2,267","4,737","5,233","23,589","23,783","6,342","9,598","5,452","1,179",598
E07000197,West Midlands,Stafford,"120,670","6,057","4,042","2,977","7,624","1,484","2,898","2,871","6,227","6,844","26,435","26,065","6,771","10,880","7,051","1,633",811
E07000198,West Midlands,Staffordshire Moorlands,"94,489","4,797","3,051","2,251","5,963","1,246","2,358","1,994","4,371","5,033","20,149","21,287","5,527","9,034","5,736","1,156",536
E06000021,West Midlands,Stoke-on-Trent,"240,636","13,895","8,563","6,092","16,407","3,032","6,069","6,942","16,687","15,878","52,288","44,254","11,428","20,701","14,265","2,852","1,283"
E07000221,West Midlands,Stratford-on-Avon,"111,484","5,993","3,884","2,559","6,776","1,184","2,496","2,114","4,515","5,446","24,337","25,287","6,685","10,680","6,907","1,756",865
E07000199,West Midlands,Tamworth,"74,531","5,009","2,932","2,144","5,622","1,043","2,257","1,891","4,103","5,261","17,449","15,214","3,274","4,698","2,836",546,252
E06000020,West Midlands,Telford and Wrekin,"158,325","10,507","6,584","4,466","11,505","2,242","4,312","3,937","9,303","10,666","36,887","30,836","7,454","10,830","6,694","1,472",630
E08000030,West Midlands,Walsall,"253,499","16,418","10,334","7,163","17,626","3,535","6,797","5,873","13,743","15,773","54,576","46,828","13,822","23,211","13,727","2,835","1,238"
E07000222,West Midlands,Warwick,"125,931","6,866","4,180","2,836","7,721","1,381","2,850","2,998","8,732","8,368","28,469","24,781","6,107","10,537","7,496","1,750",859
E08000031,West Midlands,Wolverhampton,"236,582","14,178","9,070","6,607","16,435","3,211","6,251","5,910","15,226","15,715","51,118","41,134","11,742","21,510","14,132","2,967","1,376"
E07000237,West Midlands,Worcester,"93,353","6,069","3,510","2,384","5,771","1,137","2,193","2,168","5,963","6,910","22,896","16,848","4,118","7,000","4,844","1,069",473
E07000238,West Midlands,Wychavon,"112,957","6,136","4,087","2,810","6,977","1,370","2,604","2,118","4,993","5,749","24,904","25,061","6,332","10,579","6,934","1,572",731
E07000239,West Midlands,Wyre Forest,"96,981","5,156","3,356","2,394","6,135","1,246","2,379","2,022","4,865","5,682","20,518","21,538","5,595","8,442","5,664","1,338",651
E07000200,East of England,Babergh,"83,461","4,596","2,925","1,956","5,686","1,097","2,231","1,662","3,585","4,188","17,202","18,384","4,621","8,013","5,487","1,203",625
E07000066,East of England,Basildon,"165,668","10,721","6,751","4,473","11,263","2,138","4,121","3,571","9,800","11,346","38,017","31,320","7,751","13,590","8,345","1,729",732
E06000055,East of England,Bedford,"147,911","9,310","5,817","3,845","9,737","1,975","3,910","3,618","9,221","10,439","33,301","27,973","6,787","11,648","7,656","1,793",881
E07000067,East of England,Braintree,"132,179","8,387","5,152","3,701","8,880","1,544","3,125","2,643","6,644","8,129","30,757","27,359","6,101","10,068","7,033","1,735",921
E07000143,East of England,Breckland,"121,418","6,839","4,463","2,977","7,756","1,420","2,854","2,447","5,776","6,934","24,830","24,884","6,978","12,080","8,307","1,906",967
E07000068,East of England,Brentwood,"68,456","3,677","2,401","1,727","4,416",850,"1,679","1,262","3,078","3,765","15,120","14,163","3,710","6,737","4,387",992,492
E07000144,East of England,Broadland,"118,513","6,166","4,161","2,773","7,009","1,404","2,703","2,217","4,782","6,209","25,974","25,238","7,035","12,164","7,797","1,872","1,009"
E07000095,East of England,Broxbourne,"87,054","5,401","3,409","2,424","5,807","1,095","2,012","1,754","5,026","5,925","20,357","16,739","4,296","7,452","4,113",857,387
E07000008,East of England,Cambridge,"108,863","5,123","2,844","1,955","5,080","1,020","2,148","5,639","16,892","10,853","22,606","16,367","3,975","6,865","5,323","1,464",709
E07000069,East of England,Castle Point,"86,608","4,524","3,101","2,256","5,633","1,189","2,244","1,827","4,373","4,570","17,723","19,349","5,045","8,076","5,140","1,071",487
E06000056,East of England,Central Bedfordshire,"233,661","14,872","9,435","6,494","16,303","3,089","5,808","5,090","10,901","13,900","58,112","47,023","11,019","17,529","10,604","2,438","1,044"
E07000070,East of England,Chelmsford,"157,072","8,846","5,860","4,147","10,480","2,013","4,053","3,614","8,980","10,336","36,224","32,042","7,493","12,389","7,882","1,880",833
E07000071,East of England,Colchester,"155,796","9,455","5,771","4,062","9,812","1,825","3,760","4,202","11,050","11,022","34,581","30,161","7,145","11,850","8,101","2,046",953
E07000096,East of England,Dacorum,"137,799","8,695","5,392","3,666","9,400","1,762","3,475","2,873","6,829","8,497","33,444","26,829","6,125","11,133","7,313","1,623",743
E07000009,East of England,East Cambridgeshire,"73,214","4,363","2,776","1,833","4,735",869,"1,777","1,405","3,431","4,444","16,996","14,868","3,703","6,514","4,057",990,453
E07000097,East of England,East Hertfordshire,"128,919","8,142","5,175","3,505","8,477","1,512","3,126","2,591","6,427","8,576","32,084","25,877","5,826","9,616","5,897","1,367",721
E07000072,East of England,Epping Forest,"120,896","7,322","4,411","2,981","7,688","1,372","2,785","2,243","5,903","7,193","27,608","24,924","6,074","10,522","7,344","1,712",814
E07000010,East of England,Fenland,"83,519","4,836","3,173","2,187","5,206","1,005","1,859","1,647","3,907","4,660","17,840","16,711","4,549","8,583","5,515","1,194",647
E07000201,East of England,Forest Heath,"55,510","3,754","2,138","1,476","3,597",558,"1,208","1,288","4,083","4,319","13,024","9,363","2,431","4,251","3,010",714,296
E07000145,East of England,Great Yarmouth,"90,810","4,828","3,195","2,288","5,851","1,199","2,239","1,916","4,370","4,984","18,185","18,733","5,182","9,199","6,410","1,500",731
E07000073,East of England,Harlow,"78,768","5,339","3,153","2,054","5,350","1,006","2,025","1,834","4,823","5,835","19,056","13,356","3,357","6,732","3,896",671,281
E07000098,East of England,Hertsmere,"94,450","5,808","3,712","2,546","6,349","1,191","2,296","1,945","4,934","5,800","22,072","18,256","4,162","7,484","5,858","1,366",671
E07000011,East of England,Huntingdonshire,"156,954","10,184","6,510","4,547","10,737","2,104","3,967","3,090","7,374","9,742","38,295","32,609","7,482","10,990","6,983","1,554",786
E07000202,East of England,Ipswich,"117,069","7,253","4,557","3,153","8,110","1,490","3,082","2,914","7,386","8,584","25,351","20,356","5,173","9,941","7,144","1,717",858
E07000146,East of England,King`s Lynn and West Norfolk,"135,345","6,920","4,675","3,166","8,148","1,539","3,162","2,694","5,998","7,130","27,260","27,558","8,234","15,362","10,159","2,240","1,100"
E06000032,East of England,Luton,"184,371","13,286","8,053","5,468","13,868","2,649","5,260","5,021","14,748","13,572","42,317","30,126","7,874","12,742","7,014","1,607",766
E07000074,East of England,Maldon,"59,418","3,552","2,373","1,549","3,969",738,"1,399","1,192","2,688","2,990","13,253","13,380","3,232","4,922","3,062",749,370
E07000203,East of England,Mid Suffolk,"86,837","5,020","3,259","2,234","5,570","1,067","2,082","1,774","3,943","4,583","18,935","18,397","4,723","8,013","5,355","1,246",636
E07000099,East of England,North Hertfordshire,"116,908","7,228","4,681","3,158","7,532","1,429","2,931","2,348","5,284","7,363","27,935","22,783","5,643","9,480","6,551","1,697",865
E07000147,East of England,North Norfolk,"98,382","4,310","2,949","2,082","5,462","1,123","2,179","1,920","3,826","4,191","17,531","21,207","6,587","12,997","8,738","2,200","1,080"
E07000148,East of England,Norwich,"121,550","6,367","3,825","2,771","6,831","1,318","2,580","4,240","12,056","10,264","25,574","20,201","5,088","9,829","7,849","1,785",972
E06000031,East of England,Peterborough,"156,061","10,237","6,569","4,353","11,009","2,125","4,087","3,768","9,630","11,418","35,601","28,341","6,807","12,036","7,696","1,605",779
E07000075,East of England,Rochford,"78,489","4,472","3,062","2,020","5,018",946,"1,905","1,571","3,606","4,242","17,115","16,487","4,341","7,453","4,729","1,082",440
E07000012,East of England,South Cambridgeshire,"130,108","7,673","5,020","3,364","8,581","1,578","3,423","2,840","5,994","7,642","30,479","28,067","6,285","10,073","6,597","1,665",827
E07000149,East of England,South Norfolk,"110,710","5,857","3,862","2,632","6,923","1,387","2,790","2,104","4,243","5,405","22,972","24,626","6,551","11,192","7,549","1,749",868
E06000033,East of England,Southend-on-Sea,"160,257","9,727","6,174","4,124","10,160","1,932","3,829","3,216","8,244","10,066","35,014","29,553","7,476","14,391","11,478","3,167","1,706"
E07000100,East of England,St Albans,"129,005","8,581","5,048","3,341","8,033","1,508","3,088","2,368","6,052","8,546","31,947","25,303","5,959","10,269","6,665","1,508",789
E07000204,East of England,St Edmundsbury,"98,193","5,686","3,546","2,419","6,178","1,144","2,208","2,009","5,331","6,280","22,059","20,012","5,370","8,286","5,728","1,302",635
E07000101,East of England,Stevenage,"79,715","5,196","3,330","2,367","5,892","1,156","2,203","1,914","4,262","5,622","20,062","13,340","3,321","6,283","3,724",716,327
E07000205,East of England,Suffolk Coastal,"115,141","6,114","4,210","2,889","7,647","1,436","2,916","2,209","4,317","5,150","23,700","24,103","6,480","12,171","8,563","2,158","1,078"
E07000076,East of England,Tendring,"138,539","6,854","4,537","3,279","8,107","1,443","3,035","2,417","5,713","6,049","24,757","27,253","9,037","17,423","13,561","3,401","1,673"
E07000102,East of England,Three Rivers,"82,848","5,126","3,133","2,177","5,611","1,041","2,018","1,596","3,873","4,846","19,002","16,813","3,929","7,029","4,797","1,217",640
E06000034,East of England,Thurrock,"143,128","10,008","5,817","3,785","9,956","1,862","3,463","3,060","8,839","11,106","33,944","26,605","6,004","9,975","6,924","1,212",568
E07000077,East of England,Uttlesford,"68,946","4,088","2,752","1,833","4,563",898,"1,832","1,461","2,962","3,377","15,832","15,333","3,482","5,583","3,543",914,493
E07000103,East of England,Watford,"79,726","5,127","3,134","2,165","5,050",936,"1,818","1,622","5,005","7,205","20,405","13,453","3,254","5,442","3,668",936,506
E07000206,East of England,Waveney,"112,342","6,067","4,045","2,952","7,278","1,431","2,759","2,240","4,876","5,858","21,916","22,297","6,382","12,053","8,999","2,165","1,024"
E07000104,East of England,Welwyn Hatfield,"97,553","5,675","3,723","2,583","6,081","1,111","2,271","2,726","7,468","5,695","21,491","17,516","4,476","8,911","5,805","1,415",606
E09000002,London,Barking and Dagenham,"163,944","12,542","7,479","4,984","11,107","2,242","4,441","4,176","10,573","11,959","38,575","25,590","6,160","12,105","9,155","1,923",933
E09000003,London,Barnet,"314,564","20,215","12,442","8,098","19,288","3,713","7,733","6,642","21,782","27,177","74,980","54,231","12,769","22,809","15,626","4,596","2,463"
E09000004,London,Bexley,"218,307","13,277","8,638","6,020","15,094","2,877","5,443","4,777","11,580","13,683","51,120","40,825","10,464","18,280","12,167","2,823","1,239"
E09000005,London,Brent,"263,464","16,306","9,704","6,353","16,497","3,309","7,007","6,354","22,219","26,633","66,968","40,686","11,191","17,654","9,174","2,291","1,118"
E09000006,London,Bromley,"295,532","18,681","10,991","7,320","18,453","3,426","6,707","5,558","14,654","18,938","70,587","56,508","13,899","25,517","17,842","4,262","2,189"
E09000007,London,Camden,"198,020","11,820","6,255","3,975","9,211","1,605","3,986","5,401","18,822","25,998","53,147","29,723","6,860","11,228","7,304","1,760",925
E09000001,London,City of London,"7,185",250,112,95,186,27,78,101,529,940,"1,977","1,622",306,514,322,100,26
E09000008,London,Croydon,"330,587","22,587","13,580","9,451","22,624","4,206","8,736","7,548","19,413","24,410","83,090","58,599","13,742","22,539","14,664","3,557","1,841"
E09000009,London,Ealing,"300,948","19,232","11,216","7,485","18,071","3,742","7,433","6,694","22,768","30,686","77,897","48,860","12,186","18,256","12,197","2,880","1,345"
E09000010,London,Enfield,"273,559","18,118","10,973","7,644","17,665","3,393","7,150","6,364","17,976","20,467","67,302","46,714","12,088","19,645","12,739","3,488","1,833"
E09000011,London,Greenwich,"214,403","15,538","8,446","5,836","14,076","2,742","5,488","5,305","15,390","18,422","53,160","33,820","8,406","13,804","10,429","2,433","1,108"
E09000012,London,Hackney,"202,824","16,752","8,466","5,700","14,082","2,431","5,282","4,890","15,790","20,781","55,703","27,376","6,639","10,404","6,312","1,426",790
E09000013,London,Hammersmith and Fulham,"165,242","10,195","5,080","3,212","7,377","1,362","3,042","2,785","14,938","24,453","45,978","23,355","6,123","9,118","6,119","1,436",669
E09000014,London,Haringey,"216,507","14,733","8,212","5,467","13,635","2,558","5,223","5,192","18,313","23,263","59,764","31,155","7,817","11,973","6,697","1,646",859
E09000015,London,Harrow,"206,814","12,019","7,611","5,285","13,886","2,890","5,779","4,826","13,012","15,727","48,381","38,036","9,433","15,320","10,176","2,957","1,476"
E09000016,London,Havering,"224,248","12,429","8,588","5,965","14,655","2,813","5,626","5,038","11,735","13,173","49,414","43,977","11,162","21,198","14,258","2,911","1,306"
E09000017,London,Hillingdon,"243,006","16,175","9,749","6,607","15,994","2,977","5,897","6,277","16,276","17,620","58,905","42,188","10,570","17,912","11,640","2,899","1,320"
E09000018,London,Hounslow,"212,341","14,247","8,031","5,439","13,346","2,669","5,582","5,161","16,037","19,963","54,092","34,960","8,446","13,165","8,300","1,966",937
E09000019,London,Islington,"175,797","11,121","5,987","3,838","9,629","1,666","3,674","3,875","15,150","21,410","50,122","25,193","6,144","10,093","6,061","1,241",593
E09000020,London,Kensington and Chelsea,"158,919","9,953","4,782","2,861","6,093","1,105","2,328","2,964","11,662","17,388","44,506","28,836","7,026","10,159","6,750","1,649",857
E09000021,London,Kingston upon Thames,"147,273","9,215","5,108","3,461","8,473","1,618","3,269","3,893","11,754","12,818","36,125","26,344","5,511","9,344","7,359","1,986",995
E09000022,London,Lambeth,"266,169","18,063","9,486","6,176","14,590","2,739","5,507","5,529","22,828","36,351","77,640","34,168","8,476","13,477","8,420","1,850",869
E09000023,London,Lewisham,"248,922","17,772","9,732","6,772","15,312","3,001","5,934","5,431","18,739","23,730","70,309","36,020","8,809","14,163","9,655","2,369","1,174"
E09000024,London,Merton,"187,908","12,708","6,653","4,505","10,723","1,985","4,010","3,590","12,617","19,058","49,345","31,204","7,222","12,430","8,630","2,149","1,079"
E09000025,London,Newham,"243,891","20,807","11,890","7,808","19,303","4,033","8,031","7,228","20,484","22,719","59,777","31,908","8,083","12,038","7,417","1,610",755
E09000026,London,Redbridge,"238,635","15,748","9,537","6,616","16,039","3,051","6,228","5,586","15,854","18,044","55,689","42,880","9,860","17,159","11,944","2,950","1,450"
E09000027,London,Richmond upon Thames,"172,335","11,828","5,987","3,900","9,082","1,610","3,253","3,268","9,318","13,281","47,029","33,343","6,760","11,289","8,797","2,409","1,181"
E09000028,London,Southwark,"244,866","17,355","9,503","6,111","14,045","2,644","5,295","5,897","21,979","25,904","69,362","33,093","8,323","13,636","8,942","1,900",877
E09000029,London,Sutton,"179,768","11,671","7,256","4,837","11,712","2,175","4,216","3,885","9,923","13,805","44,489","32,131","7,530","13,197","9,246","2,465","1,230"
E09000030,London,Tower Hamlets,"196,106","15,177","8,137","5,228","13,708","2,641","5,413","5,381","21,003","26,264","46,344","22,089","6,362","10,573","6,142","1,158",486
E09000031,London,Waltham Forest,"218,341","15,541","8,622","5,981","14,017","2,707","5,460","5,191","16,294","21,040","56,163","33,395","8,404","13,094","8,855","2,376","1,201"
E09000032,London,Wandsworth,"260,380","16,660","8,064","5,005","10,952","1,793","4,251","4,698","24,223","42,020","73,781","33,024","8,752","13,898","9,612","2,386","1,261"
E09000033,London,Westminster,"181,286","9,452","4,568","2,868","6,477","1,109","2,844","4,096","17,369","24,028","49,215","29,516","7,333","12,076","7,602","1,851",882
E07000223,South East,Adur,"59,627","3,235","2,174","1,440","3,755",722,"1,470","1,218","2,560","3,002","12,046","11,795","3,313","6,257","4,770","1,225",645
E07000224,South East,Arun,"140,759","6,944","4,400","3,214","8,046","1,451","2,823","2,650","6,111","6,547","26,687","27,073","8,284","16,878","13,741","3,857","2,053"
E07000105,South East,Ashford,"102,661","6,453","4,128","2,905","6,888","1,344","2,609","2,025","4,959","5,856","23,170","20,589","5,118","8,686","5,962","1,361",608
E07000004,South East,Aylesbury Vale,"165,748","10,955","6,605","4,513","11,147","2,309","4,541","3,902","8,502","10,604","40,925","33,172","7,279","11,545","7,174","1,666",909
E07000084,South East,Basingstoke and Deane,"152,573","9,988","6,165","4,148","10,083","1,919","3,633","3,186","8,095","10,651","37,975","30,865","6,879","10,559","6,302","1,423",702
E06000036,South East,Bracknell Forest,"109,617","7,699","4,547","3,027","7,584","1,568","2,909","2,362","6,262","8,324","29,647","19,709","4,115","6,443","4,075",900,446
E06000043,South East,Brighton and Hove,"247,817","13,103","7,771","5,115","12,843","2,429","4,860","6,714","20,367","21,831","60,827","40,899","10,608","19,025","14,924","4,235","2,266"
E07000106,South East,Canterbury,"135,278","6,896","4,492","3,199","8,590","1,737","3,444","4,729","11,179","7,505","25,464","25,125","6,912","12,408","9,807","2,518","1,273"
E07000177,South East,Cherwell,"131,785","8,809","5,189","3,566","8,518","1,640","3,081","2,875","6,942","9,435","33,379","24,832","5,794","9,419","6,166","1,454",686
E07000225,South East,Chichester,"106,450","5,292","3,489","2,565","6,383","1,171","2,463","2,356","5,081","4,825","20,113","21,911","6,290","12,177","8,813","2,286","1,235"
E07000005,South East,Chiltern,"89,228","5,411","3,437","2,402","5,915","1,135","2,130","1,722","3,968","4,253","19,108","19,826","4,896","8,190","4,941","1,196",698
E07000226,South East,Crawley,"99,744","6,761","4,032","2,777","6,443","1,204","2,531","2,266","6,483","7,614","24,280","17,022","3,673","8,036","5,280",968,374
E07000107,South East,Dartford,"85,911","5,554","3,535","2,442","5,659","1,067","2,091","1,790","5,006","6,165","20,734","15,433","4,025","6,851","4,157",916,486
E07000108,South East,Dover,"104,566","5,803","3,862","2,848","7,160","1,439","2,718","2,300","5,137","5,322","21,609","21,092","5,624","9,997","7,138","1,663",854
E07000085,South East,East Hampshire,"109,274","6,317","4,224","2,838","7,465","1,458","2,966","2,553","5,022","5,428","24,752","23,341","5,589","9,003","5,969","1,519",830
E07000061,South East,Eastbourne,"89,667","4,760","2,919","2,092","5,314","1,050","1,965","1,911","4,818","5,049","17,475","15,562","4,584","9,719","8,491","2,465","1,493"
E07000086,South East,Eastleigh,"116,169","6,948","4,669","3,212","8,114","1,489","2,985","2,562","5,842","7,186","27,214","23,304","5,459","9,076","6,069","1,377",663
E07000207,South East,Elmbridge,"121,936","8,037","5,002","3,282","7,463","1,401","2,731","2,094","5,038","6,802","29,725","24,727","5,671","9,739","7,247","1,909","1,068"
E07000208,South East,Epsom and Ewell,"67,059","3,965","2,410","1,615","4,056",833,"1,646","1,436","3,297","3,847","15,238","14,107","3,326","5,585","4,020","1,119",559
E07000087,South East,Fareham,"107,977","5,871","3,824","2,744","7,340","1,377","2,652","2,399","4,650","5,461","24,747","22,349","5,764","10,180","6,371","1,466",782
E07000088,South East,Gosport,"76,415","4,702","2,936","2,004","5,080",992,"2,107","2,025","4,625","5,257","17,480","13,420","3,417","6,523","4,286","1,027",534
E07000109,South East,Gravesham,"95,717","5,937","3,931","2,718","6,740","1,356","2,549","2,110","4,894","5,932","21,586","18,473","4,840","8,228","4,857","1,065",501
E07000209,South East,Guildford,"129,701","7,069","4,374","3,037","7,519","1,381","3,162","3,766","9,932","9,523","29,365","24,927","5,982","10,271","6,765","1,757",871
E07000089,South East,Hart,"83,505","5,078","3,201","2,219","5,472","1,105","2,216","1,815","4,214","5,212","20,139","17,979","4,219","5,861","3,482",817,476
E07000062,South East,Hastings,"85,029","5,386","3,398","2,287","5,827","1,059","2,189","1,839","4,216","4,964","18,150","16,411","3,989","7,302","5,597","1,523",892
E07000090,South East,Havant,"116,849","6,406","4,122","3,012","8,139","1,624","3,150","2,704","5,366","5,770","24,551","23,405","6,488","12,186","7,454","1,678",794
E07000227,South East,Horsham,"122,088","7,255","4,720","3,324","8,306","1,590","3,078","2,346","4,990","6,035","28,229","25,726","6,019","10,436","7,185","1,830","1,019"
E06000046,South East,Isle of Wight,"132,731","6,455","4,432","3,165","8,452","1,645","3,260","2,504","5,562","6,179","25,271","28,163","7,940","14,514","10,981","2,741","1,467"
E07000063,South East,Lewes,"92,177","4,862","3,260","2,250","5,840","1,113","2,254","1,882","3,643","3,988","18,261","18,893","5,122","10,078","7,692","2,015","1,024"
E07000110,South East,Maidstone,"138,948","7,996","5,198","3,541","8,874","1,676","3,532","3,032","7,341","8,635","31,113","29,245","7,226","11,360","7,523","1,774",882
E06000035,South East,Medway,"249,488","16,204","10,573","7,344","18,433","3,470","7,054","6,246","14,995","16,525","58,694","47,250","11,173","17,385","10,819","2,256","1,067"
E07000228,South East,Mid Sussex,"127,378","7,534","4,776","3,164","8,493","1,681","3,413","2,690","5,562","6,548","28,660","27,462","6,239","10,764","7,274","2,010","1,108"
E06000042,South East,Milton Keynes,"207,057","14,367","8,852","6,241","14,975","2,995","5,804","4,971","12,551","15,535","51,677","40,225","7,588","11,378","7,519","1,606",773
E07000210,South East,Mole Valley,"80,287","4,580","2,889","1,929","4,937",939,"1,823","1,396","3,313","3,990","17,386","17,410","4,437","7,772","5,329","1,396",761
E07000091,South East,New Forest,"169,331","8,355","5,814","4,091","10,639","1,914","3,850","3,136","6,629","7,660","33,773","35,422","9,761","18,825","14,299","3,484","1,679"
E07000178,South East,Oxford,"134,248","6,581","3,860","2,754","6,917","1,355","3,001","6,937","20,847","12,558","28,042","19,151","4,781","8,633","6,377","1,663",791
E06000044,South East,Portsmouth,"186,701","11,006","6,499","4,577","11,790","2,279","4,519","5,965","16,700","14,071","42,662","30,245","7,715","13,751","11,023","2,635","1,264"
E06000038,South East,Reading,"143,096","8,869","5,165","3,399","8,308","1,651","3,271","4,151","14,092","14,634","34,019","22,091","5,464","9,241","6,315","1,672",754
E07000211,South East,Reigate and Banstead,"126,523","7,778","4,616","3,194","8,078","1,503","2,801","2,243","6,389","8,072","30,082","25,350","5,825","10,229","7,378","1,914","1,071"
E07000064,South East,Rother,"85,428","3,966","2,703","1,957","4,954",934,"1,887","1,526","2,932","2,993","14,656","17,096","5,437","11,143","9,323","2,436","1,485"
E07000212,South East,Runnymede,"78,033","4,277","2,722","1,808","4,174",801,"1,433","2,593","6,374","5,106","17,996","14,583","3,589","6,438","4,481","1,136",522
E07000092,South East,Rushmoor,"90,987","6,331","3,847","2,518","5,754","1,053","2,348","2,155","6,506","8,115","23,058","15,341","3,415","5,588","3,662",877,419
E07000111,South East,Sevenoaks,"109,305","6,377","4,298","2,880","7,264","1,363","2,854","2,114","4,560","5,334","23,910","23,663","5,887","10,083","6,357","1,532",829
E07000112,South East,Shepway,"96,238","5,313","3,562","2,555","6,264","1,098","2,297","1,915","4,599","5,127","19,788","19,027","5,386","9,400","7,143","1,820",944
E06000039,South East,Slough,"119,067","8,211","4,955","3,395","8,369","1,661","3,127","2,822","8,708","11,324","29,616","18,786","4,196","7,663","4,788","1,000",446
E07000006,South East,South Bucks,"61,945","3,512","2,375","1,664","4,086",745,"1,469","1,102","2,591","3,061","13,553","13,364","3,575","5,794","3,605",950,499
E07000179,South East,South Oxfordshire,"128,188","7,937","4,922","3,327","8,214","1,509","3,154","2,613","5,701","7,482","31,198","26,113","6,439","10,241","6,782","1,665",891
E06000045,South East,Southampton,"217,445","12,051","7,496","5,387","12,445","2,370","5,003","8,530","27,255","17,634","44,274","34,812","8,558","15,559","12,119","2,712","1,240"
E07000213,South East,Spelthorne,"90,390","5,179","3,363","2,229","5,328","1,012","1,868","1,672","4,632","5,936","22,019","17,350","4,745","8,229","5,155","1,150",523
E07000214,South East,Surrey Heath,"80,314","4,929","3,133","2,157","5,247","1,040","1,955","1,672","3,696","4,666","19,865","16,952","4,034","6,239","3,431",848,450
E07000113,South East,Swale,"122,801","7,751","5,001","3,488","8,625","1,646","3,232","2,801","6,472","7,447","27,181","24,587","6,178","9,990","6,341","1,392",669
E07000215,South East,Tandridge,"79,267","4,769","2,956","1,954","5,413",967,"2,006","1,484","3,386","3,911","18,082","17,087","3,944","6,811","4,657","1,220",620
E07000093,South East,Test Valley,"109,801","6,452","4,381","3,168","7,666","1,353","2,640","2,249","5,057","6,062","25,721","23,141","5,422","8,695","5,674","1,357",763
E07000114,South East,Thanet,"126,702","7,087","4,616","3,459","8,662","1,702","3,327","2,680","5,992","6,352","24,258","24,180","6,819","13,085","10,616","2,525","1,342"
E07000115,South East,Tonbridge and Malling,"107,561","6,721","4,432","3,127","7,457","1,428","2,881","2,184","4,570","5,991","25,268","21,803","5,490","9,110","5,316","1,199",584
E07000116,South East,Tunbridge Wells,"104,030","6,346","4,072","2,771","6,930","1,380","2,806","2,027","4,942","6,308","23,496","20,886","5,158","8,617","5,867","1,519",905
E07000180,South East,Vale of White Horse,"115,627","6,812","4,434","3,141","7,793","1,568","3,061","2,680","5,737","6,621","26,606","23,665","5,684","9,448","6,256","1,401",720
E07000216,South East,Waverley,"115,665","6,587","4,036","2,864","7,346","1,519","3,133","2,494","5,658","5,940","25,183","24,606","5,905","9,915","7,249","2,130","1,100"
E07000065,South East,Wealden,"140,023","7,537","5,047","3,569","9,135","1,681","3,347","2,777","4,883","5,616","28,679","30,152","8,024","14,611","10,611","2,886","1,468"
E06000037,South East,West Berkshire,"144,483","8,805","5,588","3,911","9,782","2,032","4,021","3,103","7,054","9,338","35,229","29,869","6,593","10,346","6,511","1,518",783
E07000181,South East,West Oxfordshire,"95,640","5,689","3,712","2,640","6,259","1,145","2,191","2,012","4,393","5,380","22,804","19,357","4,751","7,950","5,351","1,318",688
E07000094,South East,Winchester,"107,222","5,730","3,685","2,603","6,613","1,336","2,895","3,125","6,490","5,888","22,883","22,242","5,331","9,320","6,419","1,703",959
E06000040,South East,Windsor and Maidenhead,"133,626","8,193","4,815","3,166","8,557","1,751","3,417","2,638","6,774","8,909","31,391","26,863","6,620","10,943","7,006","1,723",860
E07000217,South East,Woking,"89,840","5,679","3,620","2,408","5,691","1,151","2,060","1,797","4,679","6,398","22,157","17,157","3,942","6,794","4,535","1,136",636
E06000041,South East,Wokingham,"150,229","9,130","5,912","4,115","10,368","1,999","3,771","3,795","8,477","9,736","36,850","31,194","6,965","10,302","5,553","1,346",716
E07000229,South East,Worthing,"97,568","5,330","3,322","2,381","5,758",989,"2,039","1,860","4,667","5,532","20,904","17,434","4,748","9,478","8,602","2,785","1,739"
E07000007,South East,Wycombe,"162,105","10,579","6,177","4,388","10,768","2,011","4,223","3,750","9,870","11,106","36,977","32,007","7,739","12,201","7,347","1,928","1,034"
E06000022,South West,Bath and North East Somerset,"169,040","9,009","5,576","3,937","10,315","1,978","3,968","5,101","11,788","10,179","35,723","33,005","8,302","15,101","11,087","2,649","1,322"
E06000028,South West,Bournemouth,"163,444","8,171","5,103","3,579","8,752","1,681","3,255","4,289","12,901","11,785","33,551","28,387","7,710","15,435","13,035","3,647","2,163"
E06000023,South West,"Bristol, City of","380,615","23,453","12,887","8,794","22,871","4,791","8,690","11,812","34,798","32,001","85,416","62,761","15,660","27,945","21,510","4,913","2,313"
E07000078,South West,Cheltenham,"110,013","5,966","3,568","2,432","6,859","1,382","2,763","2,918","8,309","7,457","24,526","19,705","5,023","9,103","7,295","1,798",909
E07000048,South West,Christchurch,"44,865","1,890","1,327",920,"2,455",481,895,705,"1,571","1,825","8,070","8,557","2,894","6,241","5,191","1,240",603
E06000052,South West,Cornwall,"499,114","26,049","16,596","12,103","31,454","6,043","12,371","10,239","22,280","24,942","98,105","108,628","29,979","51,548","35,691","8,607","4,479"
E07000079,South West,Cotswold,"80,376","4,383","2,837","1,943","4,884",920,"1,742","1,543","3,342","3,858","17,177","17,394","4,291","8,062","5,915","1,404",681
E07000040,South West,East Devon,"125,520","5,540","3,939","2,754","6,989","1,388","2,831","2,584","5,098","5,418","21,668","25,512","8,083","15,931","12,580","3,372","1,833"
E07000049,South West,East Dorset,"83,786","3,771","2,690","1,914","4,990",939,"1,866","1,514","2,851","3,086","15,482","18,222","5,215","10,634","7,930","1,844",838
E07000041,South West,Exeter,"111,076","5,633","3,586","2,548","6,136","1,195","2,542","4,372","11,323","8,430","23,273","19,238","4,973","8,829","6,450","1,697",851
E07000080,South West,Forest of Dean,"79,982","4,573","2,937","1,987","5,217",974,"2,069","1,869","3,694","4,032","16,861","17,407","4,527","7,269","4,936","1,098",532
E07000081,South West,Gloucester,"109,885","7,193","4,536","3,097","7,806","1,489","2,674","2,477","5,976","7,129","26,607","19,612","4,850","8,642","5,958","1,283",556
E06000053,South West,Isles of Scilly,"2,153",119,56,44,117,22,27,34,130,149,433,491,128,223,133,30,17
E07000187,South West,Mendip,"103,869","5,868","3,813","2,613","7,458","1,606","3,121","2,252","4,314","5,179","22,574","21,796","5,349","9,016","6,467","1,611",832
E07000042,South West,Mid Devon,"69,774","3,858","2,651","1,782","4,606",939,"1,758","1,463","2,841","3,485","14,585","14,868","3,951","6,805","4,438","1,151",593
E07000043,South West,North Devon,"87,508","4,468","3,125","2,116","5,743","1,098","1,986","1,736","3,784","4,563","17,169","18,848","5,222","9,076","6,211","1,565",798
E07000050,South West,North Dorset,"61,905","3,148","2,153","1,596","4,525",812,"1,747","1,646","2,830","3,082","12,435","12,261","3,330","6,280","4,441","1,120",499
E06000024,South West,North Somerset,"188,564","10,468","6,586","4,534","11,923","2,288","4,549","3,846","7,895","9,308","39,814","40,542","10,428","17,750","13,475","3,346","1,812"
E06000026,South West,Plymouth,"240,720","13,213","8,535","6,091","16,078","3,106","6,103","7,454","17,245","14,885","53,457","44,457","11,622","19,911","13,778","3,198","1,587"
E06000029,South West,Poole,"138,288","7,215","4,757","3,290","8,776","1,686","3,272","2,888","6,418","7,905","29,734","27,006","7,287","13,770","10,344","2,594","1,346"
E07000051,South West,Purbeck,"44,416","2,101","1,590","1,117","2,768",543,"1,087",825,"1,730","1,888","8,882","9,606","2,610","5,009","3,425",813,422
E07000188,South West,Sedgemoor,"105,881","5,861","3,835","2,669","7,070","1,395","2,678","2,231","4,580","5,076","22,264","22,068","5,897","10,491","7,243","1,691",832
E06000025,South West,South Gloucestershire,"245,641","15,246","9,914","6,600","16,315","2,964","5,971","5,288","12,358","15,571","59,590","48,324","12,174","19,795","11,684","2,564","1,283"
E07000044,South West,South Hams,"81,849","3,875","2,709","2,011","5,415","1,015","1,973","1,721","3,094","3,229","16,328","18,611","4,819","8,623","6,033","1,570",823
E07000189,South West,South Somerset,"150,969","8,501","5,390","3,723","9,969","1,986","3,699","3,046","6,717","8,093","31,197","30,839","8,199","15,047","10,723","2,531","1,309"
E07000082,South West,Stroud,"107,898","6,092","4,094","2,779","7,310","1,412","2,654","2,188","4,548","5,356","23,429","23,364","5,671","9,582","6,793","1,724",902
E06000030,South West,Swindon,"180,051","11,392","7,194","4,862","12,121","2,178","4,337","3,798","10,212","13,816","45,251","32,111","7,944","13,603","8,621","1,761",850
E07000190,South West,Taunton Deane,"102,299","5,441","3,547","2,561","6,784","1,336","2,772","2,344","5,028","5,842","21,515","20,364","5,139","9,887","7,109","1,722",908
E07000045,South West,Teignbridge,"120,958","6,155","4,044","2,988","7,810","1,467","2,790","2,444","4,755","5,178","24,544","25,419","6,850","13,056","9,791","2,368","1,299"
E07000083,South West,Tewkesbury,"76,405","4,251","2,677","1,891","5,073",892,"1,757","1,409","3,252","4,272","17,007","16,098","4,251","6,953","4,930","1,158",534
E06000027,South West,Torbay,"129,706","6,275","4,227","3,078","8,168","1,573","3,112","2,617","5,695","6,407","25,074","26,412","7,708","13,827","10,667","3,038","1,828"
E07000046,South West,Torridge,"58,965","2,840","2,072","1,436","3,793",757,"1,460","1,265","2,433","2,789","11,243","13,113","3,732","6,318","4,139","1,029",546
E07000047,South West,West Devon,"48,843","2,307","1,641","1,207","3,152",666,"1,224",888,"1,884","2,192","9,638","11,342","3,024","4,988","3,330",888,472
E07000052,South West,West Dorset,"92,360","4,365","2,968","2,080","5,767","1,171","2,346","1,676","3,112","3,929","17,388","19,310","5,645","11,252","8,285","2,031","1,035"
E07000191,South West,West Somerset,"35,075","1,522","1,019",734,"1,935",389,808,805,"1,409","1,300","5,940","7,506","2,447","4,590","3,353",892,426
E07000053,South West,Weymouth and Portland,"63,648","3,226","2,109","1,574","4,065",793,"1,574","1,506","3,050","3,493","13,297","13,187","3,461","6,091","4,448","1,181",593
E06000054,South West,Wiltshire,"432,973","26,568","16,867","11,540","28,283","5,378","10,394","9,035","20,928","25,151","99,928","85,892","21,770","37,026","25,176","5,978","3,059"
W06000001,Wales,Anglesey,"66,829","3,612","2,445","1,747","4,411",806,"1,710","1,376","3,305","3,541","12,893","14,321","4,059","6,766","4,317","1,016",504
W06000019,Wales,Blaenau Gwent,"70,064","3,925","2,782","2,072","5,157",991,"1,884","1,553","3,580","4,100","14,952","13,532","3,704","6,166","4,343",863,460
W06000013,Wales,Bridgend,"128,645","7,613","4,723","3,354","8,864","1,745","3,289","2,644","6,499","7,866","28,686","25,171","6,891","11,367","7,640","1,559",734
W06000018,Wales,Caerphilly,"169,519","10,617","6,688","4,812","12,188","2,310","4,576","3,859","9,252","10,935","36,825","33,043","8,578","14,106","9,208","1,715",807
W06000015,Wales,Cardiff,"305,353","19,045","11,726","8,172","20,468","3,764","7,544","10,723","28,238","22,072","66,227","50,386","12,417","22,748","16,676","3,472","1,675"
W06000010,Wales,Carmarthenshire,"172,842","9,426","6,287","4,356","11,260","2,310","4,409","3,851","8,575","8,835","34,015","36,023","9,790","17,365","12,426","2,661","1,253"
W06000008,Wales,Ceredigion,"74,941","3,486","2,424","1,760","4,190",856,"1,721","3,085","7,037","3,439","13,385","15,386","4,304","7,099","5,078","1,129",562
W06000003,Wales,Conwy,"109,596","5,696","3,593","2,650","6,913","1,341","2,719","2,005","4,833","5,199","21,248","21,397","6,702","12,601","9,056","2,267","1,376"
W06000004,Wales,Denbighshire,"93,065","5,110","3,305","2,458","6,193","1,223","2,361","1,854","4,496","4,851","18,401","18,680","5,320","9,240","6,948","1,711",914
W06000005,Wales,Flintshire,"148,594","8,914","5,626","3,956","10,077","1,956","3,928","3,329","7,848","9,053","33,527","30,232","7,997","12,019","7,573","1,707",852
W06000002,Wales,Gwynedd,"116,843","6,861","4,265","3,004","7,125","1,366","2,743","3,181","7,661","6,576","22,088","23,103","6,667","11,671","7,779","1,824",929
W06000024,Wales,Merthyr Tydfil,"55,981","3,261","2,196","1,611","4,137",833,"1,652","1,330","2,926","3,138","12,171","10,739","2,941","4,892","3,266",606,282
W06000021,Wales,Monmouthshire,"84,885","4,534","3,242","2,285","5,840","1,036","2,216","1,691","3,326","4,010","18,051","18,635","4,772","8,090","5,386","1,183",588
W06000012,Wales,Neath Port Talbot,"134,468","7,236","4,781","3,581","8,949","1,853","3,560","3,027","6,747","7,314","28,759","26,819","7,204","12,793","9,021","1,878",946
W06000022,Wales,Newport,"137,011","9,052","5,614","3,941","10,179","2,004","3,723","3,099","7,214","7,685","30,142","25,507","6,753","11,789","7,923","1,575",811
W06000009,Wales,Pembrokeshire,"114,131","6,703","4,382","3,172","7,715","1,422","2,913","2,495","5,161","5,493","21,899","23,898","6,969","11,935","7,590","1,617",767
W06000023,Wales,Powys,"126,354","6,753","4,659","3,298","8,265","1,544","3,237","2,426","4,950","6,111","25,232","27,395","7,279","13,056","9,156","1,976","1,017"
W06000016,Wales,"Rhondda, Cynon, Taff","231,946","13,885","8,773","6,214","16,411","3,120","6,110","5,836","14,365","14,243","49,026","44,552","11,679","20,011","13,792","2,708","1,221"
W06000011,Wales,Swansea,"223,301","12,069","7,618","5,498","14,175","2,926","5,611","6,348","15,474","12,654","45,758","42,623","11,744","21,202","14,762","3,264","1,575"
W06000014,Wales,The Vale of Glamorgan,"119,292","7,344","4,714","3,332","8,562","1,670","3,301","2,770","5,561","6,172","25,355","24,320","6,175","10,251","7,347","1,585",833
W06000020,Wales,Torfaen,"90,949","5,257","3,690","2,594","6,562","1,303","2,529","1,964","4,610","5,140","19,455","18,024","4,528","8,291","5,543",992,467
W06000006,Wales,Wrexham,"128,476","7,504","4,616","3,309","8,335","1,572","3,498","3,073","7,835","7,921","27,867","25,890","6,451","10,733","7,372","1,669",831
